movieid,Total_number_of_Users,Total_ratings,Average_ratings
1,2077,8613.0,4.15
2,701,2244.0,3.20
3,478,1442.0,3.02
4,170,464.0,2.73
5,296,890.0,3.01
6,940,3646.0,3.88
7,458,1562.0,3.41
8,68,205.0,3.01
9,102,271.0,2.66
10,888,3144.0,3.54
11,1033,3919.0,3.79
12,160,378.0,2.36
13,99,323.0,3.26
14,153,542.0,3.54
15,146,359.0,2.46
16,682,2587.0,3.79
17,835,3363.0,4.03
18,157,524.0,3.34
19,389,965.0,2.48
20,160,406.0,2.54
21,1356,4914.0,3.62
22,378,1266.0,3.35
23,126,360.0,2.86
24,624,1984.0,3.18
25,980,3578.0,3.65
26,100,353.0,3.53
27,61,179.0,2.93
28,179,726.0,4.06
29,403,1637.0,4.06
30,74,270.0,3.65
31,141,439.0,3.11
32,1511,5962.0,3.95
33,4,12.0,3.00
34,1751,6814.0,3.89
35,70,232.0,3.31
36,928,3673.0,3.96
37,8,28.0,3.50
38,28,79.0,2.82
39,1362,4935.0,3.62
40,30,118.0,3.93
41,242,958.0,3.96
42,221,634.0,2.87
43,166,572.0,3.45
44,311,867.0,2.79
45,544,1863.0,3.42
46,166,516.0,3.11
47,1137,4669.0,4.11
48,382,1137.0,2.98
49,27,101.0,3.74
50,1783,8054.0,4.52
52,431,1569.0,3.64
53,8,38.0,4.75
54,41,105.0,2.56
55,45,138.0,3.07
56,9,18.0,2.00
57,99,337.0,3.40
58,501,2051.0,4.09
59,8,22.0,2.75
60,357,1147.0,3.21
61,67,201.0,3.00
62,541,2000.0,3.70
63,111,317.0,2.86
64,79,179.0,2.27
65,143,295.0,2.06
66,97,162.0,1.67
67,4,13.0,3.25
68,60,207.0,3.45
69,319,1166.0,3.66
70,914,2885.0,3.16
71,96,202.0,2.10
72,93,338.0,3.63
73,224,855.0,3.82
74,120,357.0,2.98
75,12,23.0,1.92
76,178,508.0,2.85
77,34,128.0,3.76
78,50,163.0,3.26
79,114,297.0,2.61
80,52,199.0,3.83
81,166,525.0,3.16
82,89,345.0,3.88
83,33,122.0,3.70
84,21,65.0,3.10
85,194,660.0,3.40
86,236,801.0,3.39
87,76,168.0,2.21
88,192,565.0,2.94
89,229,704.0,3.07
90,6,22.0,3.67
92,88,206.0,2.34
93,89,199.0,2.24
94,182,678.0,3.73
95,638,1835.0,2.88
96,13,51.0,3.92
97,44,165.0,3.75
98,6,12.0,2.00
99,50,173.0,3.46
100,128,392.0,3.06
101,253,979.0,3.87
102,60,109.0,1.82
103,33,106.0,3.21
104,682,2405.0,3.53
105,387,1251.0,3.23
106,12,43.0,3.58
107,256,806.0,3.15
108,7,20.0,2.86
110,2443,10346.0,4.23
111,1240,5188.0,4.18
112,570,1963.0,3.44
113,53,158.0,2.98
114,11,34.0,3.09
116,41,168.0,4.10
117,79,287.0,3.63
118,68,209.0,3.07
119,13,32.0,2.46
120,3,8.0,2.67
121,37,150.0,4.05
122,194,537.0,2.77
123,115,445.0,3.87
124,14,45.0,3.21
125,318,1219.0,3.83
126,99,197.0,1.99
127,1,1.0,1.00
128,12,52.0,4.33
129,13,43.0,3.31
130,2,8.0,4.00
131,16,49.0,3.06
132,91,227.0,2.49
133,1,1.0,1.00
134,2,8.0,4.00
135,133,374.0,2.81
136,8,26.0,3.25
137,13,39.0,3.00
138,2,5.0,2.50
139,1,4.0,4.00
140,139,440.0,3.17
141,682,2421.0,3.55
142,1,1.0,1.00
144,433,1469.0,3.39
145,362,1193.0,3.30
146,18,52.0,2.89
147,181,641.0,3.54
148,23,64.0,2.78
149,47,178.0,3.79
150,1251,5096.0,4.07
151,554,1988.0,3.59
152,69,207.0,3.00
153,777,2053.0,2.64
154,168,626.0,3.73
155,87,297.0,3.41
156,66,235.0,3.56
157,187,511.0,2.73
158,259,772.0,2.98
159,116,381.0,3.28
160,565,1265.0,2.24
161,760,2830.0,3.72
162,491,1995.0,4.06
163,540,1867.0,3.46
164,379,1352.0,3.57
165,825,2938.0,3.56
166,61,150.0,2.46
167,5,18.0,3.60
168,362,1068.0,2.95
169,113,228.0,2.02
170,321,1010.0,3.15
171,93,332.0,3.57
172,458,1180.0,2.58
173,564,1302.0,2.31
174,81,187.0,2.31
175,220,765.0,3.48
176,205,803.0,3.92
177,139,380.0,2.73
178,19,66.0,3.47
179,48,106.0,2.21
180,451,1600.0,3.55
181,93,150.0,1.61
182,49,154.0,3.14
183,29,101.0,3.48
184,26,87.0,3.35
185,569,1633.0,2.87
186,211,583.0,2.76
187,105,340.0,3.24
188,190,612.0,3.22
189,15,51.0,3.40
190,100,375.0,3.75
191,75,185.0,2.47
192,2,6.0,3.00
193,217,445.0,2.05
194,213,800.0,3.76
195,164,466.0,2.84
196,550,1553.0,2.82
197,17,52.0,3.06
198,605,1994.0,3.30
199,117,446.0,3.81
200,12,29.0,2.42
201,33,87.0,2.64
202,30,75.0,2.50
203,203,620.0,3.05
204,203,593.0,2.92
205,85,307.0,3.61
206,82,301.0,3.67
207,219,686.0,3.13
208,651,1713.0,2.63
209,52,128.0,2.46
210,41,129.0,3.15
211,34,121.0,3.56
212,14,27.0,1.93
213,123,499.0,4.06
214,28,119.0,4.25
215,160,609.0,3.81
216,355,1130.0,3.18
217,64,168.0,2.63
218,195,610.0,3.13
219,22,70.0,3.18
220,28,51.0,1.82
222,329,1167.0,3.55
223,1412,5573.0,3.95
224,386,1309.0,3.39
225,254,806.0,3.17
226,1,2.0,2.00
227,129,345.0,2.67
228,13,28.0,2.15
229,108,378.0,3.50
230,349,1205.0,3.45
231,660,2107.0,3.19
232,346,1410.0,4.08
233,235,849.0,3.61
234,147,327.0,2.22
235,927,3427.0,3.70
236,326,1077.0,3.30
237,257,764.0,2.97
238,32,90.0,2.81
239,168,483.0,2.88
240,45,122.0,2.71
241,29,96.0,3.31
242,80,280.0,3.50
243,10,21.0,2.10
244,10,19.0,1.90
245,11,33.0,3.00
246,716,2999.0,4.19
247,477,1844.0,3.87
248,138,402.0,2.91
249,261,981.0,3.76
250,30,78.0,2.60
251,18,59.0,3.28
252,367,1200.0,3.27
253,738,2601.0,3.52
254,38,117.0,3.08
255,66,136.0,2.06
256,218,578.0,2.65
257,114,368.0,3.23
258,144,349.0,2.42
259,102,290.0,2.84
260,2991,13321.0,4.45
261,285,1040.0,3.65
262,172,666.0,3.87
263,28,108.0,3.86
264,5,16.0,3.20
265,772,3036.0,3.93
266,705,2415.0,3.43
267,140,382.0,2.73
268,54,182.0,3.37
269,55,194.0,3.53
270,79,240.0,3.04
271,63,198.0,3.14
272,383,1427.0,3.73
273,244,707.0,2.90
274,24,57.0,2.38
275,80,203.0,2.54
276,228,614.0,2.69
277,170,541.0,3.18
278,40,110.0,2.75
279,46,171.0,3.72
280,212,757.0,3.57
281,233,850.0,3.65
282,215,693.0,3.22
283,18,54.0,3.00
286,1,3.0,3.00
287,21,61.0,2.90
288,700,2201.0,3.14
289,158,528.0,3.34
290,168,658.0,3.92
291,48,106.0,2.21
292,733,2396.0,3.27
293,923,3790.0,4.11
294,42,130.0,3.10
295,29,80.0,2.76
296,2171,9288.0,4.28
297,28,87.0,3.11
298,23,90.0,3.91
299,143,524.0,3.66
300,705,2650.0,3.76
301,43,142.0,3.30
302,86,328.0,3.81
303,418,1244.0,2.98
304,35,110.0,3.14
305,127,318.0,2.50
306,334,1412.0,4.23
307,243,996.0,4.10
308,202,801.0,3.97
309,48,177.0,3.69
310,6,16.0,2.67
311,1,3.0,3.00
312,112,273.0,2.44
313,54,156.0,2.89
314,300,1155.0,3.85
315,153,406.0,2.65
316,1116,3895.0,3.49
317,641,2046.0,3.19
318,2227,10143.0,4.55
319,273,1063.0,3.89
320,32,109.0,3.41
321,61,229.0,3.75
322,209,776.0,3.71
324,33,131.0,3.97
325,49,120.0,2.45
326,61,265.0,4.34
327,358,936.0,2.61
328,144,448.0,3.11
329,990,3343.0,3.38
330,149,407.0,2.73
331,21,65.0,3.10
332,161,410.0,2.55
333,410,1436.0,3.50
334,114,440.0,3.86
335,41,143.0,3.49
336,19,51.0,2.68
337,693,2662.0,3.84
338,221,637.0,2.88
339,673,2355.0,3.50
340,84,275.0,3.27
341,31,119.0,3.84
342,518,1905.0,3.68
343,42,102.0,2.43
344,766,2412.0,3.15
345,469,1785.0,3.81
346,120,423.0,3.53
347,46,146.0,3.17
348,455,1683.0,3.70
349,1059,3946.0,3.73
350,515,1747.0,3.39
351,257,859.0,3.34
352,119,373.0,3.13
353,734,2529.0,3.45
354,67,213.0,3.18
355,267,628.0,2.35
356,2194,8969.0,4.09
357,1233,4616.0,3.74
358,141,447.0,3.17
359,19,61.0,3.21
360,127,317.0,2.50
361,268,917.0,3.42
362,239,804.0,3.36
363,62,264.0,4.26
364,1121,4328.0,3.86
365,71,225.0,3.17
366,251,708.0,2.82
367,1179,3866.0,3.28
368,802,2826.0,3.52
369,58,192.0,3.31
370,412,1194.0,2.90
371,212,674.0,3.18
372,428,1350.0,3.15
373,258,995.0,3.86
374,183,387.0,2.11
375,17,56.0,3.29
376,350,1136.0,3.25
377,1650,5883.0,3.57
378,140,405.0,2.89
379,436,1260.0,2.89
380,1400,5088.0,3.63
381,211,688.0,3.26
382,272,798.0,2.93
383,270,882.0,3.27
384,40,116.0,2.90
385,10,34.0,3.40
386,30,78.0,2.60
387,102,280.0,2.75
388,97,353.0,3.64
389,20,74.0,3.70
390,59,209.0,3.54
391,40,131.0,3.28
392,25,70.0,2.80
393,105,195.0,1.86
394,18,66.0,3.67
396,1,4.0,4.00
397,12,29.0,2.42
398,1,4.0,4.00
401,2,6.0,3.00
402,1,3.0,3.00
404,4,15.0,3.75
405,203,431.0,2.12
406,8,29.0,3.63
407,193,562.0,2.91
408,72,239.0,3.32
409,49,148.0,3.02
410,463,1346.0,2.91
411,13,34.0,2.62
412,295,1050.0,3.56
413,245,620.0,2.53
414,90,239.0,2.66
415,179,444.0,2.48
416,89,216.0,2.43
417,208,725.0,3.49
418,29,73.0,2.52
419,156,342.0,2.19
420,352,882.0,2.51
421,94,316.0,3.36
422,57,178.0,3.12
423,221,687.0,3.11
424,75,195.0,2.60
425,105,379.0,3.61
426,269,829.0,3.08
427,166,393.0,2.37
428,263,1034.0,3.93
429,187,445.0,2.38
430,24,58.0,2.42
431,369,1362.0,3.69
432,392,1011.0,2.58
433,48,134.0,2.79
434,686,2116.0,3.08
435,533,1389.0,2.61
436,141,374.0,2.65
437,64,131.0,2.05
438,152,399.0,2.63
439,2,9.0,4.50
440,948,3613.0,3.81
441,643,2375.0,3.69
442,640,1915.0,2.99
443,31,105.0,3.39
444,81,186.0,2.30
445,100,261.0,2.61
446,254,1037.0,4.08
447,31,77.0,2.48
448,228,821.0,3.60
449,71,260.0,3.66
450,228,748.0,3.28
451,106,334.0,3.15
452,38,125.0,3.29
453,67,216.0,3.22
454,824,2923.0,3.55
455,285,738.0,2.59
456,93,372.0,4.00
457,1995,8186.0,4.10
458,87,285.0,3.28
459,143,405.0,2.83
460,38,86.0,2.26
461,86,282.0,3.28
462,28,74.0,2.64
463,47,129.0,2.74
464,216,601.0,2.78
465,105,348.0,3.31
466,573,1602.0,2.80
467,54,173.0,3.20
468,350,1145.0,3.27
469,69,204.0,2.96
470,38,66.0,1.74
471,599,2175.0,3.63
472,44,119.0,2.70
473,151,336.0,2.23
474,972,3718.0,3.83
475,312,1217.0,3.90
476,35,94.0,2.69
477,195,676.0,3.47
478,24,59.0,2.46
479,133,372.0,2.80
480,2672,10057.0,3.76
481,294,994.0,3.38
482,176,621.0,3.53
483,74,277.0,3.74
484,29,77.0,2.66
485,500,1254.0,2.51
486,64,180.0,2.81
487,62,162.0,2.61
488,39,132.0,3.38
489,97,240.0,2.47
490,185,615.0,3.32
491,212,703.0,3.32
492,335,1246.0,3.72
493,298,1075.0,3.61
494,416,1392.0,3.35
495,42,142.0,3.38
496,37,119.0,3.22
497,667,2668.0,4.00
498,47,129.0,2.74
499,49,135.0,2.76
500,838,2866.0,3.42
501,94,339.0,3.61
502,155,300.0,1.94
503,13,48.0,3.69
504,178,526.0,2.96
505,69,172.0,2.49
506,114,398.0,3.49
507,308,1085.0,3.52
508,561,2185.0,3.89
509,608,2234.0,3.67
510,42,101.0,2.40
511,152,472.0,3.11
512,179,514.0,2.87
513,67,209.0,3.12
514,346,1222.0,3.53
515,450,1763.0,3.92
516,248,712.0,2.87
517,382,1213.0,3.18
518,149,366.0,2.46
519,202,392.0,1.94
520,374,1096.0,2.93
521,117,394.0,3.37
522,83,296.0,3.57
523,117,428.0,3.66
524,476,1721.0,3.62
525,21,67.0,3.19
526,8,20.0,2.50
527,2304,10392.0,4.51
528,68,171.0,2.51
529,720,2864.0,3.98
530,2,7.0,3.50
531,338,1274.0,3.77
532,389,1186.0,3.05
533,203,555.0,2.73
534,286,1097.0,3.84
535,301,1149.0,3.82
536,55,174.0,3.16
537,207,637.0,3.08
538,315,1204.0,3.82
539,986,3708.0,3.76
540,169,375.0,2.22
541,1800,7692.0,4.27
542,206,551.0,2.67
543,682,2308.0,3.38
544,129,341.0,2.64
545,1,2.0,2.00
546,350,656.0,1.87
547,124,357.0,2.88
548,137,349.0,2.55
549,157,600.0,3.82
550,178,537.0,3.02
551,996,3703.0,3.72
552,529,1714.0,3.24
553,553,2142.0,3.87
554,26,68.0,2.62
555,658,2585.0,3.93
556,132,558.0,4.23
557,2,9.0,4.50
558,135,365.0,2.70
559,5,15.0,3.00
560,8,29.0,3.63
561,13,47.0,3.62
562,478,1816.0,3.80
563,17,55.0,3.24
564,45,102.0,2.27
565,61,191.0,3.13
566,13,38.0,2.92
567,14,50.0,3.57
568,35,135.0,3.86
569,100,293.0,2.93
570,23,74.0,3.22
571,34,122.0,3.59
572,2,6.0,3.00
573,21,74.0,3.52
574,175,603.0,3.45
575,107,302.0,2.82
576,1,3.0,3.00
577,55,163.0,2.96
578,2,9.0,4.50
579,1,2.0,2.00
580,62,201.0,3.24
581,141,571.0,4.05
582,2,6.0,3.00
583,28,103.0,3.68
584,1,4.0,4.00
585,418,1215.0,2.91
586,675,2116.0,3.13
587,1124,3930.0,3.50
588,1351,5118.0,3.79
589,2649,10751.0,4.06
590,1451,5681.0,3.92
591,2,4.0,2.00
592,1431,5153.0,3.60
593,2578,11219.0,4.35
594,763,2934.0,3.85
595,1060,4119.0,3.89
596,498,1868.0,3.75
597,1046,3809.0,3.64
598,8,34.0,4.25
599,264,1079.0,4.09
600,30,90.0,3.00
601,1,3.0,3.00
602,41,169.0,4.12
603,58,174.0,3.00
605,226,749.0,3.31
606,93,207.0,2.23
607,2,4.0,2.00
608,2513,10692.0,4.25
609,67,186.0,2.78
610,618,2192.0,3.55
611,216,534.0,2.47
612,79,190.0,2.41
613,82,298.0,3.63
614,9,24.0,2.67
615,67,271.0,4.04
616,278,932.0,3.35
617,17,62.0,3.65
618,9,19.0,2.11
619,32,83.0,2.59
621,42,156.0,3.71
623,3,9.0,3.00
624,1,4.0,4.00
626,19,43.0,2.26
627,121,436.0,3.60
628,485,1890.0,3.90
630,7,20.0,2.86
631,75,156.0,2.08
632,13,52.0,4.00
633,20,72.0,3.60
634,3,5.0,1.67
635,77,279.0,3.62
637,140,356.0,2.54
638,19,61.0,3.21
639,78,204.0,2.62
640,71,190.0,2.68
641,1,1.0,1.00
642,1,2.0,2.00
643,3,6.0,2.00
644,1,2.0,2.00
645,20,72.0,3.60
647,441,1567.0,3.55
648,1527,5242.0,3.43
649,16,67.0,4.19
650,89,309.0,3.47
651,1,2.0,2.00
652,9,26.0,2.89
653,612,1974.0,3.23
655,1,1.0,1.00
656,39,100.0,2.56
657,2,6.0,3.00
658,1,3.0,3.00
659,25,93.0,3.72
660,2,3.0,1.50
661,525,1819.0,3.46
662,128,382.0,2.98
663,264,902.0,3.42
664,8,24.0,3.00
665,35,128.0,3.66
666,3,10.0,3.33
667,47,96.0,2.04
668,47,207.0,4.40
669,23,96.0,4.17
670,56,247.0,4.41
671,456,1678.0,3.68
672,2,4.0,2.00
673,563,1475.0,2.62
674,386,1164.0,3.02
678,306,1299.0,4.25
679,2,7.0,3.50
680,64,215.0,3.36
681,15,59.0,3.93
682,4,14.0,3.50
684,1,1.0,1.00
685,30,99.0,3.30
687,3,9.0,3.00
688,213,485.0,2.28
690,2,4.0,2.00
691,121,375.0,3.10
692,106,224.0,2.11
694,141,373.0,2.65
695,135,429.0,3.18
696,4,13.0,3.25
697,85,217.0,2.55
698,5,11.0,2.20
700,145,482.0,3.32
701,1,4.0,4.00
702,27,99.0,3.67
703,10,16.0,1.60
704,42,97.0,2.31
705,36,138.0,3.83
706,2,5.0,2.50
707,275,849.0,3.09
708,679,2332.0,3.43
709,144,438.0,3.04
710,51,119.0,2.33
711,62,155.0,2.50
712,2,7.0,3.50
714,153,595.0,3.89
715,52,188.0,3.62
716,28,75.0,2.68
717,1,4.0,4.00
718,33,115.0,3.48
719,239,684.0,2.86
720,438,1939.0,4.43
722,27,103.0,3.81
724,416,1284.0,3.09
725,91,254.0,2.79
726,9,27.0,3.00
728,217,817.0,3.76
729,3,11.0,3.67
730,1,1.0,1.00
731,47,134.0,2.85
732,6,17.0,2.83
733,1340,4989.0,3.72
734,3,9.0,3.00
735,101,339.0,3.36
736,1110,3523.0,3.17
737,300,609.0,2.03
741,314,1284.0,4.09
742,174,440.0,2.53
743,107,275.0,2.57
744,3,6.0,2.00
745,657,2970.0,4.52
746,31,124.0,4.00
747,55,110.0,2.00
748,417,1314.0,3.15
749,4,11.0,2.75
750,1367,6083.0,4.45
751,15,53.0,3.53
753,32,101.0,3.16
754,13,38.0,2.92
755,9,34.0,3.78
756,4,12.0,3.00
757,4,15.0,3.75
758,1,4.0,4.00
759,59,242.0,4.10
760,33,116.0,3.52
761,123,343.0,2.79
762,298,651.0,2.18
763,1,3.0,3.00
764,74,242.0,3.27
765,171,450.0,2.63
766,100,357.0,3.57
767,24,77.0,3.21
769,12,39.0,3.25
771,18,68.0,3.78
774,1,4.0,4.00
775,9,29.0,3.22
776,4,12.0,3.00
778,751,2974.0,3.96
779,52,140.0,2.69
780,1730,6073.0,3.51
781,103,348.0,3.38
782,145,370.0,2.55
783,390,1257.0,3.22
784,385,1051.0,2.73
785,765,2661.0,3.48
786,460,1437.0,3.12
787,3,15.0,5.00
788,948,2840.0,3.00
789,2,6.0,3.00
790,1,3.0,3.00
791,2,7.0,3.50
792,1,4.0,4.00
793,10,26.0,2.60
796,3,10.0,3.33
798,204,552.0,2.71
799,338,1132.0,3.35
800,630,2572.0,4.08
801,121,375.0,3.10
802,427,1493.0,3.50
803,57,210.0,3.68
804,233,694.0,2.98
805,344,1235.0,3.59
806,60,190.0,3.17
807,14,42.0,3.00
808,43,146.0,3.40
809,105,270.0,2.57
810,120,176.0,1.47
811,9,35.0,3.89
813,47,118.0,2.51
814,1,3.0,3.00
815,6,12.0,2.00
818,189,484.0,2.56
820,4,13.0,3.25
821,2,4.0,2.00
823,4,13.0,3.25
824,28,110.0,3.93
826,1,1.0,1.00
827,2,6.0,3.00
828,54,157.0,2.91
829,131,300.0,2.29
830,295,871.0,2.95
831,20,77.0,3.85
832,564,1962.0,3.48
833,78,170.0,2.18
834,4,8.0,2.00
835,103,322.0,3.13
836,237,629.0,2.65
837,218,758.0,3.48
838,501,1944.0,3.88
839,135,299.0,2.21
840,50,128.0,2.56
841,25,85.0,3.40
842,151,391.0,2.59
843,1,1.0,1.00
844,7,25.0,3.57
846,38,142.0,3.74
847,7,13.0,1.86
848,156,536.0,3.44
849,511,1283.0,2.51
850,30,110.0,3.67
851,127,444.0,3.50
852,615,1981.0,3.22
853,3,12.0,4.00
854,8,29.0,3.63
858,2223,10059.0,4.52
859,1,2.0,2.00
860,10,36.0,3.60
861,273,959.0,3.51
862,31,113.0,3.65
863,10,35.0,3.50
864,12,43.0,3.58
865,1,2.0,2.00
866,572,2187.0,3.82
867,24,53.0,2.21
868,1,3.0,3.00
869,42,130.0,3.10
870,49,107.0,2.18
872,1,3.0,3.00
874,8,25.0,3.13
875,44,149.0,3.39
876,21,60.0,2.86
877,24,79.0,3.29
878,1,4.0,4.00
879,237,670.0,2.83
880,324,713.0,2.20
881,77,202.0,2.62
882,59,160.0,2.71
884,2,6.0,3.00
885,43,111.0,2.58
886,104,306.0,2.94
887,2,5.0,2.50
888,48,106.0,2.21
889,2,5.0,2.50
891,183,432.0,2.36
892,152,587.0,3.86
893,69,255.0,3.70
895,2,2.0,1.00
896,51,175.0,3.43
897,98,368.0,3.76
898,582,2503.0,4.30
899,751,3217.0,4.28
900,343,1321.0,3.85
901,174,634.0,3.64
902,676,2642.0,3.91
903,905,3867.0,4.27
904,1050,4700.0,4.48
905,374,1601.0,4.28
906,187,766.0,4.10
907,105,412.0,3.92
908,1315,5765.0,4.38
909,417,1721.0,4.13
910,832,3578.0,4.30
911,306,1280.0,4.18
912,1669,7365.0,4.41
913,1043,4585.0,4.40
914,636,2642.0,4.15
915,365,1447.0,3.96
916,425,1792.0,4.22
917,77,283.0,3.68
918,189,717.0,3.79
919,1718,7298.0,4.25
920,1156,4621.0,4.00
921,302,1176.0,3.89
922,470,2111.0,4.49
923,1116,4898.0,4.39
924,1716,6982.0,4.07
925,12,39.0,3.25
926,403,1715.0,4.26
927,84,334.0,3.98
928,386,1623.0,4.20
929,93,352.0,3.78
930,445,1911.0,4.29
931,206,806.0,3.91
932,189,747.0,3.95
933,443,1817.0,4.10
934,304,1112.0,3.66
935,71,258.0,3.63
936,132,538.0,4.08
937,44,165.0,3.75
938,187,677.0,3.62
939,11,35.0,3.18
940,378,1502.0,3.97
941,105,389.0,3.70
942,292,1227.0,4.20
943,171,681.0,3.98
944,97,368.0,3.79
945,251,1041.0,4.15
946,161,620.0,3.85
947,188,772.0,4.11
948,130,488.0,3.75
949,215,855.0,3.98
950,292,1238.0,4.24
951,397,1687.0,4.25
952,269,969.0,3.60
953,729,3134.0,4.30
954,383,1624.0,4.24
955,413,1722.0,4.17
956,40,142.0,3.55
957,37,120.0,3.24
958,13,44.0,3.38
959,58,217.0,3.74
960,20,69.0,3.45
961,23,80.0,3.48
962,11,39.0,3.55
963,54,193.0,3.57
964,51,173.0,3.39
965,253,1031.0,4.08
966,6,24.0,4.00
967,23,75.0,3.26
968,715,2625.0,3.67
969,1057,4494.0,4.25
970,37,126.0,3.41
971,271,1097.0,4.05
972,6,19.0,3.17
973,82,321.0,3.91
974,16,60.0,3.75
975,2,3.0,1.50
976,56,200.0,3.57
977,2,4.0,2.00
978,100,394.0,3.94
980,5,14.0,2.80
981,4,11.0,2.75
982,81,298.0,3.68
984,33,88.0,2.67
985,4,15.0,3.75
986,232,836.0,3.60
987,40,116.0,2.90
988,69,233.0,3.38
989,1,5.0,5.00
990,54,139.0,2.57
991,170,599.0,3.52
992,20,52.0,2.60
993,9,28.0,3.11
994,450,1843.0,4.10
996,256,744.0,2.91
997,28,94.0,3.36
998,93,280.0,3.01
999,286,939.0,3.28
1000,20,61.0,3.05
1002,8,34.0,4.25
1003,121,356.0,2.94
1004,101,269.0,2.66
1005,142,337.0,2.37
1006,78,241.0,3.09
1007,232,691.0,2.98
1008,97,323.0,3.33
1009,291,927.0,3.19
1010,242,791.0,3.27
1011,135,368.0,2.73
1012,301,1115.0,3.70
1013,258,920.0,3.57
1014,136,463.0,3.40
1015,234,783.0,3.35
1016,156,502.0,3.22
1017,276,990.0,3.59
1018,123,400.0,3.25
1019,575,2129.0,3.70
1020,392,1270.0,3.24
1021,247,684.0,2.77
1022,577,2167.0,3.76
1023,221,881.0,3.99
1024,126,409.0,3.25
1025,293,1058.0,3.61
1026,8,29.0,3.63
1027,344,1088.0,3.16
1028,1011,3937.0,3.89
1029,568,2095.0,3.69
1030,323,994.0,3.08
1031,319,1110.0,3.48
1032,525,1941.0,3.70
1033,287,990.0,3.45
1034,169,616.0,3.64
1035,882,3468.0,3.93
1036,1666,6867.0,4.12
1037,615,1636.0,2.66
1038,11,36.0,3.27
1039,3,11.0,3.67
1040,5,15.0,3.00
1041,474,1914.0,4.04
1042,528,1838.0,3.48
1043,108,307.0,2.84
1044,35,115.0,3.29
1046,90,366.0,4.07
1047,434,1512.0,3.48
1049,451,1501.0,3.33
1050,146,558.0,3.82
1051,98,335.0,3.42
1053,35,102.0,2.91
1054,81,268.0,3.31
1055,19,52.0,2.74
1056,50,177.0,3.54
1057,274,975.0,3.56
1058,11,36.0,3.27
1059,479,1629.0,3.40
1060,786,3098.0,3.94
1061,374,1328.0,3.55
1062,2,5.0,2.50
1063,26,82.0,3.15
1064,209,605.0,2.89
1066,175,729.0,4.17
1067,23,87.0,3.78
1068,35,129.0,3.69
1069,110,432.0,3.93
1070,2,6.0,3.00
1071,5,17.0,3.40
1073,1313,5070.0,3.86
1076,23,92.0,4.00
1077,744,2961.0,3.98
1078,372,1427.0,3.84
1079,1326,5266.0,3.97
1080,926,3721.0,4.02
1081,434,1570.0,3.62
1082,154,570.0,3.70
1083,164,579.0,3.53
1084,686,2810.0,4.10
1085,131,495.0,3.78
1086,379,1546.0,4.08
1087,18,62.0,3.44
1088,687,2275.0,3.31
1089,1259,5207.0,4.14
1090,1143,4675.0,4.09
1091,373,1042.0,2.79
1092,751,2660.0,3.54
1093,680,2317.0,3.41
1094,1229,4586.0,3.73
1095,571,2218.0,3.88
1096,344,1368.0,3.98
1097,2269,8997.0,3.97
1098,5,12.0,2.40
1099,194,774.0,3.99
1100,420,1179.0,2.81
1101,1010,3723.0,3.69
1102,4,8.0,2.00
1103,402,1577.0,3.92
1104,483,2041.0,4.23
1105,42,75.0,1.79
1107,3,6.0,2.00
1111,94,385.0,4.10
1112,35,120.0,3.43
1113,50,150.0,3.00
1114,31,89.0,2.87
1115,1,1.0,1.00
1116,17,58.0,3.41
1117,12,51.0,4.25
1118,1,2.0,2.00
1119,34,109.0,3.21
1120,456,1634.0,3.58
1121,13,40.0,3.08
1123,33,123.0,3.73
1124,405,1515.0,3.74
1125,385,1455.0,3.78
1126,317,752.0,2.37
1127,1715,6318.0,3.68
1128,170,497.0,2.92
1129,884,3063.0,3.46
1130,231,753.0,3.26
1131,216,934.0,4.32
1132,220,937.0,4.26
1133,2,4.0,2.00
1134,2,6.0,3.00
1135,407,1298.0,3.19
1136,1599,6932.0,4.34
1138,7,27.0,3.86
1139,2,8.0,4.00
1142,2,2.0,1.00
1144,16,60.0,3.75
1145,2,5.0,2.50
1147,277,1197.0,4.32
1148,882,3976.0,4.51
1149,4,14.0,3.50
1150,158,621.0,3.93
1151,31,108.0,3.48
1152,29,101.0,3.48
1153,14,48.0,3.43
1154,15,56.0,3.73
1160,6,13.0,2.17
1161,94,371.0,3.95
1162,96,375.0,3.91
1163,19,56.0,2.95
1164,5,18.0,3.60
1165,1,1.0,1.00
1167,94,272.0,2.89
1168,18,37.0,2.06
1169,36,134.0,3.72
1170,17,28.0,1.65
1171,415,1550.0,3.73
1172,615,2637.0,4.29
1173,198,663.0,3.35
1174,5,19.0,3.80
1175,368,1473.0,4.00
1176,129,508.0,3.94
1177,147,587.0,3.99
1178,230,1029.0,4.47
1179,885,3353.0,3.79
1180,50,192.0,3.84
1181,10,29.0,2.90
1183,989,3570.0,3.61
1184,91,346.0,3.80
1185,453,1793.0,3.96
1186,562,2031.0,3.61
1187,147,538.0,3.66
1188,676,2671.0,3.95
1189,269,1144.0,4.25
1190,132,463.0,3.51
1191,209,640.0,3.06
1192,105,423.0,4.03
1193,1725,7574.0,4.39
1194,212,737.0,3.48
1196,2990,12836.0,4.29
1197,2318,9976.0,4.30
1198,2514,11257.0,4.48
1199,913,3741.0,4.10
1200,1820,7509.0,4.13
1201,822,3398.0,4.13
1202,72,260.0,3.61
1203,616,2646.0,4.30
1204,831,3658.0,4.40
1205,231,781.0,3.38
1206,1229,5012.0,4.08
1207,928,4107.0,4.43
1208,1176,4990.0,4.24
1209,173,696.0,4.02
1210,2883,11598.0,4.02
1211,242,995.0,4.11
1212,480,2137.0,4.45
1213,1657,7084.0,4.28
1214,2024,8419.0,4.16
1215,945,3595.0,3.80
1216,87,318.0,3.66
1217,357,1524.0,4.27
1218,244,1024.0,4.20
1219,1263,5328.0,4.22
1220,1341,5283.0,3.94
1221,1692,7373.0,4.36
1222,1254,5155.0,4.11
1223,473,2063.0,4.36
1224,426,1826.0,4.29
1225,1382,5876.0,4.25
1226,226,916.0,4.05
1227,241,931.0,3.86
1228,677,2835.0,4.19
1230,1334,5525.0,4.14
1231,750,3060.0,4.08
1232,52,189.0,3.63
1233,1001,4307.0,4.30
1234,1049,4532.0,4.32
1235,697,2903.0,4.16
1236,90,377.0,4.19
1237,299,1265.0,4.23
1238,351,1404.0,4.00
1240,2098,8711.0,4.15
1241,70,235.0,3.36
1242,1112,4663.0,4.19
1243,325,1295.0,3.98
1244,718,2931.0,4.08
1245,358,1434.0,4.01
1246,855,3425.0,4.01
1247,1261,5354.0,4.25
1248,514,2167.0,4.22
1249,733,2936.0,4.01
1250,938,4115.0,4.39
1251,228,936.0,4.11
1252,1185,5142.0,4.34
1253,559,2315.0,4.14
1254,453,1943.0,4.29
1255,54,184.0,3.41
1256,594,2501.0,4.21
1257,472,1851.0,3.92
1258,1087,4462.0,4.10
1259,1785,7313.0,4.10
1260,308,1325.0,4.30
1261,548,2097.0,3.83
1262,696,3046.0,4.38
1263,700,2877.0,4.11
1264,257,1042.0,4.05
1265,2278,9005.0,3.95
1266,997,4078.0,4.09
1267,765,3315.0,4.33
1268,317,1105.0,3.49
1269,672,2801.0,4.17
1270,2583,10307.0,3.99
1271,593,2257.0,3.81
1272,645,2752.0,4.27
1273,146,579.0,3.97
1274,452,1778.0,3.93
1275,741,2850.0,3.85
1276,930,3956.0,4.25
1277,363,1410.0,3.88
1278,1193,5071.0,4.25
1279,194,727.0,3.75
1280,277,1156.0,4.17
1281,216,871.0,4.03
1282,943,3682.0,3.90
1283,403,1684.0,4.18
1284,541,2333.0,4.31
1285,803,3064.0,3.82
1286,285,1022.0,3.59
1287,704,2894.0,4.11
1288,1118,4673.0,4.18
1289,182,723.0,3.97
1290,230,826.0,3.59
1291,1628,6729.0,4.13
1292,591,2372.0,4.01
1293,671,2779.0,4.14
1294,1099,4533.0,4.12
1295,266,949.0,3.57
1296,560,2238.0,4.00
1297,442,1639.0,3.71
1298,387,1409.0,3.64
1299,732,3110.0,4.25
1300,330,1368.0,4.15
1301,373,1483.0,3.98
1302,768,3004.0,3.91
1303,310,1280.0,4.13
1304,1419,5982.0,4.22
1305,121,459.0,3.79
1306,136,490.0,3.60
1307,1568,6387.0,4.07
1310,43,153.0,3.56
1311,7,7.0,1.00
1312,29,94.0,3.24
1313,13,28.0,2.15
1315,3,7.0,2.33
1316,1,4.0,4.00
1317,40,127.0,3.18
1320,925,2810.0,3.04
1321,549,2060.0,3.75
1322,32,55.0,1.72
1323,43,59.0,1.37
1324,22,37.0,1.68
1325,23,38.0,1.65
1326,56,118.0,2.11
1327,355,1043.0,2.94
1328,25,46.0,1.84
1329,36,96.0,2.67
1330,116,348.0,3.00
1331,50,159.0,3.18
1332,102,297.0,2.91
1333,733,2846.0,3.88
1334,338,1060.0,3.14
1335,21,36.0,1.71
1336,55,123.0,2.24
1337,64,228.0,3.56
1339,672,2247.0,3.34
1340,216,845.0,3.91
1341,53,151.0,2.85
1342,262,761.0,2.90
1343,687,2522.0,3.67
1344,361,1416.0,3.92
1345,567,2044.0,3.60
1346,174,554.0,3.18
1347,451,1572.0,3.49
1348,238,950.0,3.99
1349,14,43.0,3.07
1350,409,1482.0,3.62
1351,35,119.0,3.40
1352,94,268.0,2.85
1353,188,580.0,3.09
1354,267,1021.0,3.82
1355,77,228.0,2.96
1356,1310,4859.0,3.71
1357,548,2086.0,3.81
1358,1177,4953.0,4.21
1359,222,550.0,2.48
1360,2,7.0,3.50
1361,159,670.0,4.21
1362,100,403.0,4.03
1363,112,333.0,2.97
1364,2,7.0,3.50
1365,58,223.0,3.84
1366,108,344.0,3.19
1367,364,1109.0,3.05
1369,5,19.0,3.80
1370,1135,4020.0,3.54
1371,792,2484.0,3.14
1372,1001,3413.0,3.41
1373,613,1685.0,2.75
1374,1448,5619.0,3.88
1375,927,3109.0,3.35
1376,1126,4117.0,3.66
1377,1031,3069.0,2.98
1378,562,1921.0,3.42
1379,369,1073.0,2.91
1380,817,2923.0,3.58
1381,303,595.0,1.96
1382,127,353.0,2.78
1383,11,17.0,1.55
1384,6,23.0,3.83
1385,461,1507.0,3.27
1386,1,1.0,1.00
1387,1697,6940.0,4.09
1388,370,958.0,2.59
1389,210,389.0,1.85
1390,121,387.0,3.20
1391,1074,3115.0,2.90
1392,219,819.0,3.74
1393,1353,5086.0,3.76
1394,1434,5766.0,4.02
1395,295,981.0,3.33
1396,1091,4067.0,3.73
1397,63,230.0,3.65
1398,63,201.0,3.19
1399,104,333.0,3.20
1401,162,568.0,3.51
1404,76,239.0,3.14
1405,475,1444.0,3.04
1406,24,83.0,3.46
1407,886,3168.0,3.58
1408,975,3718.0,3.81
1409,392,1197.0,3.05
1410,90,258.0,2.87
1411,382,1512.0,3.96
1412,20,78.0,3.90
1413,50,169.0,3.38
1414,168,604.0,3.60
1415,36,128.0,3.56
1416,282,918.0,3.26
1417,43,119.0,2.77
1419,136,539.0,3.96
1420,7,28.0,4.00
1421,22,67.0,3.05
1422,281,850.0,3.02
1423,14,61.0,4.36
1425,168,553.0,3.29
1426,23,58.0,2.52
1427,51,117.0,2.29
1428,52,169.0,3.25
1429,297,982.0,3.31
1430,1,1.0,1.00
1431,232,591.0,2.55
1432,100,277.0,2.77
1433,5,9.0,1.80
1434,2,8.0,4.00
1436,9,26.0,2.89
1437,21,65.0,3.10
1438,321,904.0,2.82
1439,46,108.0,2.35
1440,81,224.0,2.77
1441,481,1657.0,3.44
1442,71,220.0,3.10
1444,8,27.0,3.38
1445,156,339.0,2.17
1446,189,766.0,4.05
1447,49,165.0,3.37
1449,462,1916.0,4.15
1450,14,53.0,3.79
1453,148,360.0,2.43
1454,82,259.0,3.16
1455,22,61.0,2.77
1456,64,151.0,2.36
1457,266,827.0,3.11
1458,24,68.0,2.83
1459,380,1276.0,3.36
1460,94,252.0,2.68
1461,216,556.0,2.57
1463,34,103.0,3.03
1464,145,486.0,3.35
1465,126,440.0,3.49
1466,719,2729.0,3.80
1468,144,369.0,2.56
1470,1,4.0,4.00
1471,5,17.0,3.40
1472,48,156.0,3.25
1473,40,113.0,2.83
1474,146,341.0,2.34
1475,81,255.0,3.15
1476,499,1740.0,3.49
1477,27,93.0,3.44
1479,563,1800.0,3.20
1480,265,869.0,3.28
1482,63,210.0,3.33
1483,141,389.0,2.76
1484,124,459.0,3.70
1485,666,2331.0,3.50
1486,7,22.0,3.14
1487,162,497.0,3.07
1488,288,823.0,2.86
1489,37,95.0,2.57
1490,26,47.0,1.81
1493,17,56.0,3.29
1494,19,47.0,2.47
1495,44,58.0,1.32
1496,25,79.0,3.16
1497,48,100.0,2.08
1498,131,411.0,3.14
1499,399,878.0,2.20
1500,1136,4332.0,3.81
1501,18,47.0,2.61
1502,13,40.0,3.08
1503,145,336.0,2.32
1504,16,56.0,3.50
1507,42,140.0,3.33
1508,36,119.0,3.31
1509,21,77.0,3.67
1510,2,5.0,2.50
1511,24,86.0,3.58
1513,755,2300.0,3.05
1514,7,19.0,2.71
1515,181,463.0,2.56
1516,52,190.0,3.65
1517,1205,4471.0,3.71
1518,354,1211.0,3.42
1519,6,20.0,3.33
1520,15,37.0,2.47
1522,7,17.0,2.43
1523,57,150.0,2.63
1525,44,92.0,2.09
1526,88,217.0,2.47
1527,1377,5013.0,3.64
1528,2,4.0,2.00
1529,31,100.0,3.23
1531,11,40.0,3.64
1532,6,16.0,2.67
1533,24,93.0,3.88
1534,6,22.0,3.67
1535,103,359.0,3.49
1537,350,1448.0,4.14
1538,6,10.0,1.67
1539,11,31.0,2.82
1541,240,744.0,3.10
1542,238,843.0,3.54
1543,7,23.0,3.29
1544,1255,3811.0,3.04
1545,73,297.0,4.07
1546,49,187.0,3.82
1547,37,123.0,3.32
1548,2,5.0,2.50
1549,19,51.0,2.68
1550,71,192.0,2.70
1551,36,102.0,2.83
1552,954,3116.0,3.27
1553,4,11.0,2.75
1554,138,480.0,3.48
1555,2,6.0,3.00
1556,367,687.0,1.87
1558,2,3.0,1.50
1561,4,13.0,3.25
1562,606,1368.0,2.26
1563,40,144.0,3.60
1564,36,138.0,3.83
1565,17,51.0,3.00
1566,469,1538.0,3.28
1567,9,31.0,3.44
1569,820,2811.0,3.43
1570,23,76.0,3.30
1571,45,178.0,3.96
1572,26,97.0,3.73
1573,1421,4833.0,3.40
1574,15,43.0,2.87
1575,14,44.0,3.14
1579,1,3.0,3.00
1580,2538,9492.0,3.74
1581,59,168.0,2.85
1582,60,190.0,3.17
1583,27,75.0,2.78
1584,1382,5208.0,3.77
1585,28,90.0,3.21
1586,557,1700.0,3.05
1587,572,1957.0,3.42
1588,289,891.0,3.08
1589,492,1653.0,3.36
1590,498,1254.0,2.52
1591,475,1245.0,2.62
1592,112,279.0,2.49
1593,162,464.0,2.86
1594,307,1160.0,3.78
1595,65,113.0,1.74
1596,32,111.0,3.47
1597,811,2762.0,3.41
1598,111,301.0,2.71
1599,67,110.0,1.64
1600,84,241.0,2.87
1601,75,204.0,2.72
1602,43,91.0,2.12
1603,348,1018.0,2.93
1604,65,179.0,2.75
1605,88,234.0,2.66
1606,109,255.0,2.34
1608,1076,3861.0,3.59
1609,55,151.0,2.75
1610,1652,6694.0,4.05
1611,236,791.0,3.35
1612,55,183.0,3.33
1613,30,87.0,2.90
1614,428,1404.0,3.28
1615,227,822.0,3.62
1616,395,1222.0,3.09
1617,2288,9654.0,4.22
1619,362,1241.0,3.43
1620,395,1318.0,3.34
1621,85,279.0,3.28
1622,5,12.0,2.40
1623,128,283.0,2.21
1624,50,136.0,2.72
1625,882,3452.0,3.91
1626,81,204.0,2.52
1627,250,769.0,3.08
1629,109,329.0,3.02
1630,1,2.0,2.00
1631,49,176.0,3.59
1632,20,49.0,2.45
1633,266,974.0,3.66
1635,507,1927.0,3.80
1636,5,12.0,2.40
1639,966,3650.0,3.78
1640,84,213.0,2.54
1641,1199,4643.0,3.87
1642,74,226.0,3.05
1643,265,1027.0,3.88
1644,475,1250.0,2.63
1645,826,2838.0,3.44
1646,88,248.0,2.82
1647,90,259.0,2.88
1648,194,674.0,3.47
1649,189,728.0,3.85
1650,50,167.0,3.34
1651,17,49.0,2.88
1652,4,13.0,3.25
1653,1077,3997.0,3.71
1654,87,288.0,3.31
1655,77,187.0,2.43
1656,14,45.0,3.21
1657,20,70.0,3.50
1658,116,368.0,3.17
1659,7,20.0,2.86
1660,179,639.0,3.57
1661,88,281.0,3.19
1662,20,53.0,2.65
1663,740,2841.0,3.84
1664,5,21.0,4.20
1665,200,537.0,2.69
1666,20,52.0,2.60
1667,113,314.0,2.78
1668,39,99.0,2.54
1669,37,128.0,3.46
1670,82,287.0,3.50
1671,22,70.0,3.18
1672,321,1146.0,3.57
1673,1128,4252.0,3.77
1674,1046,4180.0,4.00
1675,11,34.0,3.09
1676,1163,3644.0,3.13
1677,37,102.0,2.76
1678,474,1815.0,3.83
1679,24,47.0,1.96
1680,464,1759.0,3.79
1681,134,292.0,2.18
1682,1005,3881.0,3.86
1683,218,820.0,3.76
1684,58,216.0,3.72
1685,6,21.0,3.50
1686,109,344.0,3.16
1687,337,1037.0,3.08
1688,304,1065.0,3.50
1689,252,795.0,3.15
1690,779,2305.0,2.96
1692,20,51.0,2.55
1693,351,1305.0,3.72
1694,471,1755.0,3.73
1695,32,118.0,3.69
1696,28,100.0,3.57
1699,155,543.0,3.50
1701,284,970.0,3.42
1702,302,771.0,2.55
1703,62,182.0,2.94
1704,1548,6465.0,4.18
1707,154,289.0,1.88
1709,1,2.0,2.00
1711,628,2043.0,3.25
1713,231,703.0,3.04
1714,1,2.0,2.00
1715,13,39.0,3.00
1717,455,1354.0,2.98
1718,7,18.0,2.57
1719,381,1541.0,4.04
1720,7,9.0,1.29
1721,1546,5540.0,3.58
1722,862,2967.0,3.44
1724,1,3.0,3.00
1725,23,86.0,3.74
1726,137,380.0,2.77
1727,210,678.0,3.23
1728,22,73.0,3.32
1729,724,2671.0,3.69
1730,176,656.0,3.73
1731,64,120.0,1.88
1732,1097,4101.0,3.74
1733,82,255.0,3.11
1734,201,769.0,3.83
1735,263,842.0,3.20
1739,47,64.0,1.36
1741,5,20.0,4.00
1743,11,43.0,3.91
1744,77,206.0,2.68
1746,55,152.0,2.76
1747,907,3165.0,3.49
1748,874,3341.0,3.82
1749,10,34.0,3.40
1750,63,138.0,2.19
1752,206,547.0,2.66
1753,198,634.0,3.20
1754,388,1314.0,3.39
1755,30,106.0,3.53
1756,51,130.0,2.55
1758,100,365.0,3.65
1759,51,203.0,3.98
1760,190,356.0,1.87
1762,227,621.0,2.74
1764,1,3.0,3.00
1767,26,78.0,3.00
1769,319,1001.0,3.14
1770,19,66.0,3.47
1771,47,124.0,2.64
1772,230,559.0,2.43
1773,2,5.0,2.50
1777,909,3172.0,3.49
1779,541,1441.0,2.66
1780,8,33.0,4.13
1782,8,20.0,2.50
1783,220,644.0,2.93
1784,1424,5625.0,3.95
1785,180,610.0,3.39
1787,2,7.0,3.50
1788,91,360.0,3.96
1791,53,157.0,2.96
1792,448,1421.0,3.17
1793,13,31.0,2.38
1794,151,518.0,3.43
1795,2,9.0,4.50
1796,5,12.0,2.40
1797,167,669.0,4.01
1798,42,108.0,2.57
1799,213,727.0,3.41
1801,391,1190.0,3.04
1804,119,361.0,3.03
1805,626,2157.0,3.45
1806,168,486.0,2.89
1807,17,58.0,3.41
1809,36,137.0,3.81
1810,353,1256.0,3.56
1811,13,48.0,3.69
1812,44,153.0,3.48
1814,25,84.0,3.36
1815,1,2.0,2.00
1816,101,299.0,2.96
1817,12,36.0,3.00
1820,1,2.0,2.00
1821,211,674.0,3.19
1822,21,43.0,2.05
1824,104,350.0,3.37
1825,33,88.0,2.67
1826,40,62.0,1.55
1827,102,408.0,4.00
1829,37,111.0,3.00
1830,1,5.0,5.00
1831,667,1724.0,2.58
1832,1,4.0,4.00
1833,264,793.0,3.00
1834,493,1942.0,3.94
1835,366,1204.0,3.29
1836,135,447.0,3.31
1837,64,172.0,2.69
1839,69,156.0,2.26
1840,160,541.0,3.38
1841,95,280.0,2.95
1842,2,8.0,4.00
1843,1,3.0,3.00
1844,29,112.0,3.86
1845,301,1129.0,3.75
1846,20,65.0,3.25
1848,177,539.0,3.05
1849,7,18.0,2.57
1850,13,37.0,2.85
1851,2,8.0,4.00
1852,1,2.0,2.00
1853,17,34.0,2.00
1854,48,145.0,3.02
1855,108,259.0,2.40
1856,72,220.0,3.06
1857,24,74.0,3.08
1858,172,562.0,3.27
1859,32,113.0,3.53
1860,44,166.0,3.77
1861,3,10.0,3.33
1862,198,406.0,2.05
1863,142,315.0,2.22
1864,11,30.0,2.73
1865,54,192.0,3.56
1866,189,584.0,3.09
1867,38,92.0,2.42
1868,2,4.0,2.00
1869,51,118.0,2.31
1870,72,253.0,3.51
1871,4,16.0,4.00
1872,10,32.0,3.20
1873,259,974.0,3.76
1874,27,91.0,3.37
1875,164,558.0,3.40
1876,895,2834.0,3.17
1877,4,10.0,2.50
1878,11,22.0,2.00
1879,22,86.0,3.91
1880,26,89.0,3.42
1881,68,189.0,2.78
1882,499,1160.0,2.32
1883,664,2281.0,3.44
1884,298,997.0,3.35
1885,608,2245.0,3.69
1886,4,11.0,2.75
1887,60,149.0,2.48
1888,387,1159.0,2.99
1889,49,190.0,3.88
1890,7,17.0,2.43
1891,9,17.0,1.89
1892,401,1352.0,3.37
1893,21,79.0,3.76
1894,471,1371.0,2.91
1895,306,991.0,3.24
1896,47,146.0,3.11
1897,133,466.0,3.50
1898,14,51.0,3.64
1899,10,32.0,3.20
1900,61,254.0,4.16
1901,5,20.0,4.00
1902,30,93.0,3.10
1903,6,20.0,3.33
1904,113,394.0,3.49
1905,2,3.0,1.50
1906,32,103.0,3.22
1907,490,1834.0,3.74
1908,1,3.0,3.00
1909,996,3479.0,3.49
1910,41,154.0,3.76
1911,527,1544.0,2.93
1912,908,3448.0,3.80
1913,167,639.0,3.83
1914,372,1417.0,3.81
1915,1,4.0,4.00
1916,354,1241.0,3.51
1917,1110,3543.0,3.19
1918,669,2101.0,3.14
1919,116,368.0,3.17
1920,364,1023.0,2.81
1921,613,2324.0,3.79
1922,52,178.0,3.42
1923,1371,5353.0,3.90
1924,249,656.0,2.63
1925,45,175.0,3.89
1926,32,102.0,3.19
1927,268,1124.0,4.19
1928,29,98.0,3.38
1929,84,318.0,3.79
1930,5,15.0,3.00
1931,225,907.0,4.03
1932,36,118.0,3.28
1933,21,71.0,3.38
1934,77,309.0,4.01
1935,107,431.0,4.03
1936,82,318.0,3.88
1937,63,235.0,3.73
1938,122,477.0,3.91
1939,236,973.0,4.12
1940,91,354.0,3.89
1941,113,430.0,3.81
1942,119,480.0,4.03
1943,61,200.0,3.28
1944,364,1491.0,4.10
1945,519,2216.0,4.27
1946,205,815.0,3.98
1947,761,3088.0,4.06
1948,198,764.0,3.86
1949,219,927.0,4.23
1950,348,1437.0,4.13
1951,213,787.0,3.69
1952,663,2727.0,4.11
1953,861,3529.0,4.10
1954,1129,4452.0,3.94
1955,452,1716.0,3.80
1956,507,2023.0,3.99
1957,634,2407.0,3.80
1958,530,1912.0,3.61
1959,626,2287.0,3.65
1960,636,2529.0,3.98
1961,1330,5391.0,4.05
1962,652,2528.0,3.88
1963,252,1021.0,4.05
1964,302,1150.0,3.81
1965,751,2766.0,3.68
1966,198,722.0,3.65
1967,554,2015.0,3.64
1968,1539,5971.0,3.88
1969,274,636.0,2.32
1970,268,708.0,2.64
1971,242,542.0,2.24
1972,200,399.0,2.00
1973,215,469.0,2.18
1974,317,964.0,3.04
1975,171,415.0,2.43
1976,199,394.0,1.98
1977,169,368.0,2.18
1978,114,237.0,2.08
1979,112,244.0,2.18
1980,91,196.0,2.15
1981,99,182.0,1.84
1982,506,1879.0,3.71
1983,195,537.0,2.75
1984,105,220.0,2.10
1985,129,311.0,2.41
1986,127,270.0,2.13
1987,91,212.0,2.33
1988,51,107.0,2.10
1989,15,22.0,1.47
1990,16,27.0,1.69
1991,239,646.0,2.70
1992,133,281.0,2.11
1993,97,184.0,1.90
1994,795,2929.0,3.68
1995,182,441.0,2.42
1996,112,205.0,1.83
1997,885,3501.0,3.96
1998,113,200.0,1.77
1999,127,349.0,2.75
2000,1627,6324.0,3.89
2001,1011,3584.0,3.55
2002,802,2610.0,3.25
2003,776,2536.0,3.27
2004,372,935.0,2.51
2005,716,2504.0,3.50
2006,983,3501.0,3.56
2007,65,174.0,2.68
2008,15,38.0,2.53
2009,422,1485.0,3.52
2010,388,1584.0,4.08
2011,1158,3872.0,3.34
2012,1148,3722.0,3.24
2013,622,2149.0,3.45
2014,180,572.0,3.18
2015,380,1312.0,3.45
2016,109,290.0,2.66
2017,162,484.0,2.99
2018,589,2202.0,3.74
2019,628,2864.0,4.56
2020,773,3070.0,3.97
2021,789,2648.0,3.36
2022,254,897.0,3.53
2023,774,2589.0,3.34
2024,148,491.0,3.32
2025,221,739.0,3.34
2026,161,433.0,2.69
2027,129,316.0,2.45
2028,2653,11507.0,4.34
2029,76,279.0,3.67
2031,37,112.0,3.03
2032,40,117.0,2.93
2033,200,633.0,3.17
2034,295,818.0,2.77
2035,57,177.0,3.11
2036,96,213.0,2.22
2037,54,191.0,3.54
2038,198,575.0,2.90
2039,1,1.0,1.00
2040,128,377.0,2.95
2041,145,387.0,2.67
2042,193,508.0,2.63
2043,158,517.0,3.27
2044,52,132.0,2.54
2045,55,190.0,3.45
2046,536,1858.0,3.47
2047,22,70.0,3.18
2048,131,458.0,3.50
2049,37,123.0,3.32
2050,104,264.0,2.54
2051,101,258.0,2.55
2052,183,525.0,2.87
2053,381,860.0,2.26
2054,1045,3065.0,2.93
2055,42,119.0,2.83
2056,18,63.0,3.50
2057,91,304.0,3.34
2058,799,2883.0,3.61
2059,268,880.0,3.28
2060,183,548.0,2.99
2061,7,25.0,3.57
2062,70,224.0,3.20
2063,8,20.0,2.50
2064,798,3251.0,4.07
2065,479,1724.0,3.60
2066,106,440.0,4.15
2067,564,2293.0,4.07
2068,128,497.0,3.88
2069,140,530.0,3.79
2070,264,1031.0,3.91
2071,171,672.0,3.93
2072,303,882.0,2.91
2073,66,242.0,3.67
2074,21,74.0,3.52
2075,81,303.0,3.74
2076,654,2461.0,3.76
2077,154,538.0,3.49
2078,664,2534.0,3.82
2079,14,50.0,3.57
2080,864,3287.0,3.80
2081,1035,3888.0,3.76
2082,361,1042.0,2.89
2083,262,945.0,3.61
2084,93,291.0,3.13
2085,565,2032.0,3.60
2086,29,103.0,3.55
2087,594,2174.0,3.66
2088,471,1222.0,2.59
2089,239,764.0,3.20
2090,249,865.0,3.47
2091,186,530.0,2.85
2092,163,397.0,2.44
2093,276,787.0,2.85
2094,736,2288.0,3.11
2095,113,336.0,2.97
2096,511,1896.0,3.71
2097,213,743.0,3.49
2098,76,239.0,3.14
2099,221,796.0,3.60
2100,1163,3990.0,3.43
2101,15,53.0,3.53
2102,197,667.0,3.39
2103,37,114.0,3.08
2104,53,177.0,3.34
2105,970,3255.0,3.36
2106,185,610.0,3.30
2107,199,535.0,2.69
2108,825,3058.0,3.71
2109,573,2145.0,3.74
2110,367,1198.0,3.26
2111,312,1007.0,3.23
2112,346,1207.0,3.49
2113,79,170.0,2.15
2114,256,944.0,3.69
2115,1127,4143.0,3.68
2116,438,1460.0,3.33
2117,278,1034.0,3.72
2118,363,1344.0,3.70
2119,147,334.0,2.27
2120,242,712.0,2.94
2121,245,669.0,2.73
2122,233,570.0,2.45
2123,215,617.0,2.87
2124,714,2263.0,3.17
2125,416,1545.0,3.71
2126,495,1359.0,2.75
2127,4,14.0,3.50
2128,25,83.0,3.32
2129,8,30.0,3.75
2130,304,1165.0,3.83
2131,30,112.0,3.73
2132,297,1210.0,4.07
2133,541,1772.0,3.28
2134,510,1746.0,3.42
2135,238,762.0,3.20
2136,222,699.0,3.15
2137,497,1900.0,3.82
2138,305,1172.0,3.84
2139,369,1421.0,3.85
2140,710,2593.0,3.65
2141,404,1385.0,3.43
2142,201,569.0,2.83
2143,355,1161.0,3.27
2144,719,2668.0,3.71
2145,693,2333.0,3.37
2146,352,1095.0,3.11
2147,231,589.0,2.55
2148,166,479.0,2.89
2149,103,232.0,2.25
2150,695,2590.0,3.73
2151,128,406.0,3.17
2152,69,146.0,2.12
2153,288,575.0,2.00
2154,140,390.0,2.79
2155,267,885.0,3.31
2156,9,34.0,3.78
2157,20,65.0,3.25
2158,20,52.0,2.60
2159,219,762.0,3.48
2160,712,2719.0,3.82
2161,699,2520.0,3.61
2162,177,427.0,2.41
2163,206,537.0,2.61
2164,20,41.0,2.05
2165,109,368.0,3.38
2166,144,507.0,3.52
2167,809,2813.0,3.48
2168,79,243.0,3.08
2169,130,348.0,2.68
2170,123,314.0,2.55
2171,196,723.0,3.69
2172,4,13.0,3.25
2173,110,392.0,3.56
2174,1495,5334.0,3.57
2175,18,69.0,3.83
2176,191,744.0,3.90
2177,83,267.0,3.22
2178,95,348.0,3.66
2179,39,123.0,3.15
2180,58,193.0,3.33
2181,118,421.0,3.57
2182,98,351.0,3.58
2183,179,704.0,3.93
2184,147,529.0,3.60
2185,17,61.0,3.59
2186,482,2075.0,4.30
2187,26,93.0,3.58
2188,259,716.0,2.76
2189,21,78.0,3.71
2190,52,148.0,2.85
2191,10,28.0,2.80
2192,7,23.0,3.29
2193,802,2804.0,3.50
2194,1127,4517.0,4.01
2195,135,406.0,3.01
2196,27,66.0,2.44
2197,11,46.0,4.18
2198,2,8.0,4.00
2200,8,20.0,2.50
2201,20,68.0,3.40
2202,213,840.0,3.94
2203,233,995.0,4.27
2204,89,340.0,3.82
2205,33,116.0,3.52
2206,167,670.0,4.01
2207,8,23.0,2.88
2208,199,833.0,4.19
2209,10,33.0,3.30
2210,54,200.0,3.70
2211,19,67.0,3.53
2212,128,491.0,3.84
2213,1,1.0,1.00
2214,1,3.0,3.00
2215,12,42.0,3.50
2217,1,1.0,1.00
2218,1,2.0,2.00
2219,10,34.0,3.40
2221,11,34.0,3.09
2223,3,10.0,3.33
2226,1,3.0,3.00
2227,21,74.0,3.52
2231,345,1245.0,3.61
2232,233,808.0,3.47
2233,5,8.0,1.60
2234,8,15.0,1.88
2235,1,2.0,2.00
2236,202,729.0,3.61
2237,44,158.0,3.59
2238,77,295.0,3.83
2239,97,363.0,3.74
2240,238,835.0,3.51
2241,129,358.0,2.78
2242,6,15.0,2.50
2243,789,2957.0,3.75
2244,7,13.0,1.86
2245,514,1755.0,3.41
2246,14,38.0,2.71
2247,365,1129.0,3.09
2248,914,3672.0,4.02
2249,239,763.0,3.19
2250,62,195.0,3.15
2251,2,7.0,3.50
2252,186,561.0,3.02
2253,440,1128.0,2.56
2254,1,2.0,2.00
2255,79,206.0,2.61
2256,24,57.0,2.38
2257,17,50.0,2.94
2258,2,6.0,3.00
2259,201,546.0,2.72
2260,49,137.0,2.80
2261,161,536.0,3.33
2262,326,1029.0,3.16
2263,175,543.0,3.10
2264,83,215.0,2.59
2265,83,166.0,2.00
2266,195,560.0,2.87
2267,74,218.0,2.95
2268,1061,4171.0,3.93
2269,217,594.0,2.74
2271,76,250.0,3.29
2272,112,387.0,3.46
2273,627,2236.0,3.57
2275,71,239.0,3.37
2276,70,260.0,3.71
2277,1,2.0,2.00
2278,806,2843.0,3.53
2279,226,614.0,2.72
2280,125,429.0,3.43
2281,11,38.0,3.45
2282,316,1112.0,3.52
2283,61,178.0,2.92
2284,43,163.0,3.79
2285,54,210.0,3.89
2286,43,108.0,2.51
2287,280,963.0,3.44
2288,741,2805.0,3.79
2289,978,3876.0,3.96
2290,121,397.0,3.28
2291,1473,5292.0,3.59
2292,20,50.0,2.50
2293,25,81.0,3.24
2294,645,2247.0,3.48
2295,74,282.0,3.81
2296,144,343.0,2.38
2297,355,1103.0,3.11
2298,15,28.0,1.87
2299,4,15.0,3.75
2300,658,2727.0,4.14
2301,371,1332.0,3.59
2302,1086,4110.0,3.78
2303,325,1274.0,3.92
2304,7,25.0,3.57
2305,25,87.0,3.48
2306,90,224.0,2.49
2307,38,100.0,2.63
2308,1,2.0,2.00
2309,2,9.0,4.50
2310,134,509.0,3.80
2311,470,1606.0,3.42
2312,331,1267.0,3.83
2313,457,1834.0,4.01
2314,104,326.0,3.13
2315,147,348.0,2.37
2316,236,704.0,2.98
2317,8,21.0,2.63
2318,320,1249.0,3.90
2320,187,581.0,3.11
2321,1158,4281.0,3.70
2322,290,850.0,2.93
2323,35,138.0,3.94
2324,1152,4988.0,4.33
2325,119,373.0,3.13
2326,12,36.0,3.00
2327,100,285.0,2.85
2328,173,493.0,2.85
2329,640,2705.0,4.23
2330,92,383.0,4.16
2331,179,577.0,3.22
2332,8,26.0,3.25
2333,578,2204.0,3.81
2334,386,1206.0,3.12
2335,420,1229.0,2.93
2336,938,3780.0,4.03
2337,126,404.0,3.21
2338,295,650.0,2.20
2339,27,79.0,2.93
2340,344,1119.0,3.25
2341,44,144.0,3.27
2342,11,41.0,3.73
2343,2,4.0,2.00
2344,201,688.0,3.42
2345,43,145.0,3.37
2346,300,992.0,3.31
2347,95,355.0,3.74
2348,304,1080.0,3.55
2349,167,603.0,3.61
2350,19,53.0,2.79
2351,111,467.0,4.21
2352,838,3247.0,3.87
2353,988,3643.0,3.69
2354,141,392.0,2.78
2355,1703,6564.0,3.85
2356,96,278.0,2.90
2357,215,921.0,4.28
2358,4,16.0,4.00
2359,703,2727.0,3.88
2360,117,504.0,4.31
2361,158,512.0,3.24
2362,53,151.0,2.85
2363,301,999.0,3.32
2364,121,336.0,2.78
2365,136,377.0,2.77
2366,756,2764.0,3.66
2367,309,852.0,2.76
2368,58,98.0,1.69
2369,840,2482.0,2.95
2370,142,499.0,3.51
2371,599,2153.0,3.59
2372,238,706.0,2.97
2373,189,469.0,2.48
2374,244,715.0,2.93
2375,418,1209.0,2.89
2376,325,1062.0,3.27
2377,183,539.0,2.95
2378,413,1238.0,3.00
2379,225,537.0,2.39
2380,196,398.0,2.03
2381,174,333.0,1.91
2382,150,265.0,1.77
2383,149,247.0,1.66
2384,523,1721.0,3.29
2385,146,376.0,2.58
2386,59,116.0,1.97
2387,217,602.0,2.77
2388,15,52.0,3.47
2389,264,700.0,2.65
2390,330,1218.0,3.69
2391,745,2795.0,3.75
2392,205,458.0,2.23
2393,807,2702.0,3.35
2394,579,2068.0,3.57
2395,1220,4686.0,3.84
2396,2369,9778.0,4.13
2397,23,76.0,3.30
2398,380,1505.0,3.96
2399,223,595.0,2.67
2400,43,123.0,2.86
2401,312,1176.0,3.77
2402,401,1133.0,2.83
2403,397,1418.0,3.57
2404,301,705.0,2.34
2405,673,2129.0,3.16
2406,1345,4962.0,3.69
2407,1006,3559.0,3.54
2408,259,655.0,2.53
2409,445,1414.0,3.18
2410,401,1153.0,2.88
2411,375,992.0,2.65
2412,274,576.0,2.10
2413,443,1439.0,3.25
2414,379,1285.0,3.39
2415,15,42.0,2.80
2416,354,1115.0,3.15
2417,74,218.0,2.95
2418,110,338.0,3.07
2419,69,221.0,3.20
2420,493,1685.0,3.42
2421,477,1277.0,2.68
2422,286,607.0,2.12
2423,515,1848.0,3.59
2424,838,2833.0,3.38
2425,58,210.0,3.62
2426,27,80.0,2.96
2427,803,2729.0,3.40
2428,513,1425.0,2.78
2429,180,509.0,2.83
2430,144,448.0,3.11
2431,474,1487.0,3.14
2432,146,458.0,3.14
2433,612,2056.0,3.36
2434,60,218.0,3.63
2435,99,305.0,3.08
2436,122,438.0,3.59
2437,85,310.0,3.65
2438,1,4.0,4.00
2439,198,715.0,3.61
2440,47,158.0,3.36
2441,26,79.0,3.04
2442,160,612.0,3.83
2443,126,453.0,3.60
2444,5,20.0,4.00
2445,74,207.0,2.80
2446,63,160.0,2.54
2447,266,814.0,3.06
2448,189,444.0,2.35
2449,32,49.0,1.53
2450,434,911.0,2.10
2451,113,299.0,2.65
2452,19,32.0,1.68
2453,176,572.0,3.25
2454,480,1612.0,3.36
2455,1071,3685.0,3.44
2456,284,657.0,2.31
2457,259,876.0,3.38
2458,130,322.0,2.48
2459,247,796.0,3.22
2460,116,273.0,2.35
2461,62,130.0,2.10
2462,54,99.0,1.83
2463,475,1644.0,3.46
2464,8,21.0,2.63
2465,42,85.0,2.02
2466,13,45.0,3.46
2467,324,1264.0,3.90
2468,374,1036.0,2.77
2469,506,1658.0,3.28
2470,912,3125.0,3.43
2471,414,1088.0,2.63
2472,93,277.0,2.98
2473,193,465.0,2.41
2474,343,1187.0,3.46
2475,140,462.0,3.30
2476,300,1004.0,3.35
2477,42,96.0,2.29
2478,569,1774.0,3.12
2479,44,100.0,2.27
2480,2,9.0,4.50
2481,35,126.0,3.60
2482,30,100.0,3.33
2483,25,73.0,2.92
2484,1,2.0,2.00
2485,410,1251.0,3.05
2486,9,16.0,1.78
2487,7,17.0,2.43
2488,85,328.0,3.86
2490,773,2710.0,3.51
2491,115,315.0,2.74
2492,139,397.0,2.86
2493,28,116.0,4.14
2494,27,108.0,4.00
2495,98,353.0,3.60
2496,360,1211.0,3.36
2497,170,482.0,2.84
2498,123,287.0,2.33
2499,52,184.0,3.54
2500,119,309.0,2.60
2501,588,2433.0,4.14
2502,872,3332.0,3.82
2503,9,42.0,4.67
2504,181,522.0,2.88
2505,272,779.0,2.86
2506,163,545.0,3.34
2507,54,161.0,2.98
2509,18,50.0,2.78
2510,3,11.0,3.67
2511,82,317.0,3.87
2512,19,75.0,3.95
2513,305,903.0,2.96
2514,116,239.0,2.06
2515,52,93.0,1.79
2516,45,83.0,1.84
2517,273,836.0,3.06
2518,294,1021.0,3.47
2519,96,310.0,3.23
2520,179,563.0,3.15
2521,84,221.0,2.63
2522,79,186.0,2.35
2523,42,97.0,2.31
2524,266,803.0,3.02
2525,153,342.0,2.24
2526,131,310.0,2.37
2527,636,2176.0,3.42
2528,626,2172.0,3.47
2529,1162,4314.0,3.71
2530,365,1075.0,2.95
2531,312,884.0,2.83
2532,358,1018.0,2.84
2533,463,1408.0,3.04
2534,17,43.0,2.53
2535,119,339.0,2.85
2536,37,70.0,1.89
2537,34,66.0,1.94
2538,5,18.0,3.60
2539,616,2091.0,3.39
2540,156,473.0,3.03
2541,559,1801.0,3.22
2542,625,2436.0,3.90
2543,2,7.0,3.50
2544,18,50.0,2.78
2545,12,34.0,2.83
2546,169,497.0,2.94
2548,105,234.0,2.23
2549,175,390.0,2.23
2550,183,641.0,3.50
2551,189,622.0,3.29
2552,37,82.0,2.22
2553,219,735.0,3.36
2554,136,432.0,3.18
2555,164,279.0,1.70
2556,1,3.0,3.00
2557,5,17.0,3.40
2558,235,645.0,2.74
2559,27,70.0,2.59
2560,171,532.0,3.11
2561,131,398.0,3.04
2562,9,34.0,3.78
2563,1,3.0,3.00
2565,372,1471.0,3.95
2566,40,97.0,2.43
2567,302,967.0,3.20
2568,214,451.0,2.11
2569,9,34.0,3.78
2570,102,367.0,3.60
2571,2590,11178.0,4.32
2572,700,2396.0,3.42
2573,48,164.0,3.42
2574,199,531.0,2.67
2575,141,564.0,4.00
2576,3,6.0,2.00
2577,28,92.0,3.29
2578,4,14.0,3.50
2579,29,110.0,3.79
2580,723,2787.0,3.85
2581,624,1977.0,3.17
2582,66,205.0,3.11
2583,235,848.0,3.61
2584,1,3.0,3.00
2585,48,185.0,3.85
2586,25,74.0,2.96
2587,102,302.0,2.96
2589,64,175.0,2.73
2590,48,146.0,3.04
2591,2,4.0,2.00
2592,1,3.0,3.00
2593,35,130.0,3.71
2594,62,245.0,3.95
2596,139,503.0,3.62
2597,64,167.0,2.61
2598,533,1608.0,3.02
2599,1522,5982.0,3.93
2600,410,1335.0,3.26
2602,6,17.0,2.83
2605,777,2462.0,3.17
2606,207,564.0,2.72
2607,68,278.0,4.09
2608,5,13.0,2.60
2609,67,283.0,4.22
2610,41,159.0,3.88
2611,146,571.0,3.91
2612,136,556.0,4.09
2613,281,870.0,3.10
2614,44,85.0,1.93
2615,189,569.0,3.01
2616,624,1674.0,2.68
2617,1007,3345.0,3.32
2618,46,179.0,3.89
2619,1,3.0,3.00
2620,36,133.0,3.69
2621,69,252.0,3.65
2622,415,1390.0,3.35
2623,4,11.0,2.75
2624,102,417.0,4.09
2625,66,203.0,3.08
2626,35,125.0,3.57
2627,14,48.0,3.43
2628,2250,7672.0,3.41
2629,144,396.0,2.75
2630,41,144.0,3.51
2631,5,10.0,2.00
2632,11,36.0,3.27
2633,162,573.0,3.54
2634,93,302.0,3.25
2635,31,94.0,3.03
2636,13,32.0,2.46
2637,33,88.0,2.67
2638,36,102.0,2.83
2639,163,522.0,3.20
2640,1222,4322.0,3.54
2641,846,2677.0,3.16
2642,511,1194.0,2.34
2643,332,627.0,1.89
2644,238,911.0,3.83
2645,102,341.0,3.34
2646,39,112.0,2.87
2647,52,166.0,3.19
2648,406,1614.0,3.98
2649,65,216.0,3.32
2650,33,91.0,2.76
2651,82,258.0,3.15
2652,51,149.0,2.92
2653,42,116.0,2.76
2654,134,504.0,3.76
2655,47,83.0,1.77
2656,62,172.0,2.77
2657,1233,4058.0,3.29
2658,11,34.0,3.09
2659,46,146.0,3.17
2660,135,526.0,3.90
2661,94,316.0,3.36
2662,565,2180.0,3.86
2663,53,163.0,3.08
2664,628,2457.0,3.91
2665,71,243.0,3.42
2666,28,90.0,3.21
2667,58,152.0,2.62
2668,273,692.0,2.53
2669,107,400.0,3.74
2670,220,880.0,4.00
2671,780,2857.0,3.66
2672,391,1247.0,3.19
2673,7,27.0,3.86
2674,26,70.0,2.69
2675,10,34.0,3.40
2676,266,834.0,3.14
2677,230,933.0,4.06
2678,25,78.0,3.12
2679,5,13.0,2.60
2681,43,155.0,3.60
2682,88,357.0,4.06
2683,1434,4859.0,3.39
2685,4,12.0,3.00
2686,583,2310.0,3.96
2687,442,1620.0,3.67
2688,691,2171.0,3.14
2689,41,139.0,3.39
2690,390,1443.0,3.70
2691,20,59.0,2.95
2692,1072,4529.0,4.22
2693,224,864.0,3.86
2694,791,2480.0,3.14
2695,11,24.0,2.18
2696,81,299.0,3.69
2697,48,179.0,3.73
2699,1367,4105.0,3.00
2700,1269,4772.0,3.76
2701,902,1947.0,2.16
2702,395,1213.0,3.07
2703,1,3.0,3.00
2704,41,126.0,3.07
2705,7,19.0,2.71
2706,1389,5153.0,3.71
2707,634,2222.0,3.50
2708,47,180.0,3.83
2709,232,737.0,3.18
2710,1237,3750.0,3.03
2711,32,114.0,3.56
2712,945,3025.0,3.20
2713,421,1053.0,2.50
2714,87,283.0,3.25
2715,22,49.0,2.23
2716,2181,8518.0,3.91
2717,565,1642.0,2.91
2718,383,1199.0,3.13
2719,476,1134.0,2.38
2720,373,808.0,2.17
2721,85,320.0,3.76
2722,598,1718.0,2.87
2723,853,2568.0,3.01
2724,650,2028.0,3.12
2725,95,356.0,3.75
2726,130,542.0,4.17
2727,32,111.0,3.47
2728,426,1712.0,4.02
2729,201,777.0,3.87
2730,169,600.0,3.55
2731,187,808.0,4.32
2732,148,589.0,3.98
2733,50,122.0,2.44
2734,466,1565.0,3.36
2735,459,1330.0,2.90
2736,225,773.0,3.44
2737,23,67.0,2.91
2738,79,273.0,3.46
2739,450,1735.0,3.86
2740,17,45.0,2.65
2741,61,184.0,3.02
2742,1,2.0,2.00
2743,24,81.0,3.38
2744,38,140.0,3.68
2745,229,892.0,3.90
2746,936,3119.0,3.33
2747,356,1179.0,3.31
2748,137,281.0,2.05
2749,87,280.0,3.22
2750,285,1054.0,3.70
2751,54,152.0,2.81
2752,185,548.0,2.96
2753,57,199.0,3.49
2754,12,22.0,1.83
2755,31,83.0,2.68
2756,32,103.0,3.22
2757,135,516.0,3.82
2758,31,88.0,2.84
2759,430,1441.0,3.35
2760,7,24.0,3.43
2761,674,2728.0,4.05
2762,2459,10835.0,4.41
2763,1089,3966.0,3.64
2764,280,1008.0,3.60
2765,7,19.0,2.71
2766,33,116.0,3.52
2767,25,77.0,3.08
2768,13,42.0,3.23
2769,77,248.0,3.22
2770,935,3050.0,3.26
2771,171,494.0,2.89
2772,246,746.0,3.03
2773,14,41.0,2.93
2774,68,239.0,3.51
2775,14,46.0,3.29
2776,13,49.0,3.77
2777,5,10.0,2.00
2778,29,74.0,2.55
2779,345,1249.0,3.62
2780,82,261.0,3.18
2781,63,200.0,3.17
2782,107,375.0,3.50
2783,10,26.0,2.60
2784,63,202.0,3.21
2785,25,76.0,3.04
2786,72,174.0,2.42
2787,162,470.0,2.90
2788,451,1866.0,4.14
2789,165,494.0,2.99
2790,61,162.0,2.66
2791,1731,6874.0,3.97
2792,558,1663.0,2.98
2793,265,730.0,2.75
2794,385,1125.0,2.92
2795,549,2109.0,3.84
2796,240,708.0,2.95
2797,1491,5749.0,3.86
2798,160,308.0,1.93
2799,99,154.0,1.56
2800,22,67.0,3.05
2801,91,320.0,3.52
2802,306,945.0,3.09
2803,346,1133.0,3.27
2804,1352,5731.0,4.24
2805,448,1285.0,2.87
2806,199,524.0,2.63
2807,91,160.0,1.76
2808,375,942.0,2.51
2809,20,51.0,2.55
2810,41,161.0,3.93
2811,2,8.0,4.00
2812,46,149.0,3.24
2813,29,106.0,3.66
2814,8,21.0,2.63
2815,271,703.0,2.59
2816,148,276.0,1.86
2817,125,205.0,1.64
2818,58,93.0,1.60
2819,319,1289.0,4.04
2820,53,189.0,3.57
2821,3,8.0,2.67
2822,263,802.0,3.05
2823,4,10.0,2.50
2824,14,55.0,3.93
2825,4,11.0,2.75
2826,750,2369.0,3.16
2827,328,801.0,2.44
2828,121,255.0,2.11
2829,157,464.0,2.96
2830,11,39.0,3.55
2831,8,26.0,3.25
2833,6,22.0,3.67
2834,18,64.0,3.56
2835,56,142.0,2.54
2836,163,537.0,3.29
2837,21,71.0,3.38
2839,10,43.0,4.30
2840,419,1215.0,2.90
2841,487,1766.0,3.63
2842,42,145.0,3.45
2843,23,89.0,3.87
2844,83,264.0,3.18
2845,1,1.0,1.00
2846,166,559.0,3.37
2847,33,129.0,3.91
2848,41,162.0,3.95
2849,30,84.0,2.80
2850,7,19.0,2.71
2851,133,325.0,2.44
2852,164,613.0,3.74
2853,28,81.0,2.89
2854,11,26.0,2.36
2855,10,23.0,2.30
2856,90,250.0,2.78
2857,399,1475.0,3.70
2858,3428,14800.0,4.32
2859,239,1012.0,4.23
2860,128,417.0,3.26
2861,354,1116.0,3.15
2862,89,230.0,2.58
2863,518,2015.0,3.89
2864,28,79.0,2.82
2865,20,61.0,3.05
2866,199,734.0,3.69
2867,306,1051.0,3.43
2868,63,145.0,2.30
2869,3,8.0,2.67
2870,193,693.0,3.59
2871,729,2873.0,3.94
2872,742,2829.0,3.81
2873,22,59.0,2.68
2874,67,236.0,3.52
2875,291,948.0,3.26
2876,43,114.0,2.65
2877,211,636.0,3.01
2878,34,77.0,2.26
2879,164,568.0,3.46
2880,72,249.0,3.46
2881,786,2516.0,3.20
2882,118,330.0,2.80
2883,277,983.0,3.55
2884,42,108.0,2.57
2885,61,205.0,3.36
2886,33,74.0,2.24
2887,4,9.0,2.25
2888,119,331.0,2.78
2889,287,986.0,3.44
2890,1021,3887.0,3.81
2891,185,646.0,3.49
2892,12,30.0,2.50
2893,42,121.0,2.88
2894,32,84.0,2.63
2895,2,6.0,3.00
2896,28,93.0,3.32
2897,20,65.0,3.25
2898,102,280.0,2.75
2899,117,415.0,3.55
2900,161,432.0,2.68
2901,330,1057.0,3.20
2902,164,397.0,2.42
2903,98,201.0,2.05
2904,17,64.0,3.76
2905,69,318.0,4.61
2906,250,582.0,2.33
2907,213,521.0,2.45
2908,850,3412.0,4.01
2909,1,4.0,4.00
2911,7,23.0,3.29
2912,474,1744.0,3.68
2913,17,56.0,3.29
2914,11,24.0,2.18
2915,852,3101.0,3.64
2916,1996,7350.0,3.68
2917,504,2032.0,4.03
2918,1473,6065.0,4.12
2919,391,1523.0,3.90
2920,100,419.0,4.19
2921,317,1231.0,3.88
2922,241,903.0,3.75
2923,17,58.0,3.41
2924,133,520.0,3.91
2925,57,241.0,4.23
2926,445,1491.0,3.35
2927,99,404.0,4.08
2928,77,257.0,3.34
2929,215,747.0,3.47
2930,5,22.0,4.40
2931,10,43.0,4.30
2932,118,467.0,3.96
2933,9,31.0,3.44
2934,5,12.0,2.40
2935,145,608.0,4.19
2936,161,659.0,4.09
2937,104,446.0,4.29
2938,31,116.0,3.74
2939,52,182.0,3.50
2940,107,429.0,4.01
2941,280,1012.0,3.61
2942,362,1122.0,3.10
2943,160,605.0,3.78
2944,707,2831.0,4.00
2945,28,75.0,2.68
2946,291,1098.0,3.77
2947,897,3562.0,3.97
2948,771,2999.0,3.89
2949,646,2503.0,3.87
2950,346,807.0,2.33
2951,522,2085.0,3.99
2952,186,697.0,3.75
2953,341,816.0,2.39
2955,4,8.0,2.00
2956,141,442.0,3.13
2959,1451,5916.0,4.08
2960,4,11.0,2.75
2961,280,789.0,2.82
2962,10,34.0,3.40
2963,17,63.0,3.71
2964,12,40.0,3.33
2965,72,146.0,2.03
2966,429,1740.0,4.06
2967,127,476.0,3.75
2968,1010,3731.0,3.69
2969,91,356.0,3.91
2970,98,388.0,3.96
2971,317,1212.0,3.82
2972,65,261.0,4.02
2973,460,1863.0,4.05
2974,67,123.0,1.84
2975,111,337.0,3.04
2976,557,1711.0,3.07
2977,45,131.0,2.91
2978,103,293.0,2.84
2979,37,81.0,2.19
2981,15,56.0,3.73
2982,38,80.0,2.11
2983,81,323.0,3.99
2984,9,31.0,3.44
2985,1229,4242.0,3.45
2986,493,1174.0,2.38
2987,1799,6620.0,3.68
2988,108,393.0,3.64
2989,425,1488.0,3.50
2990,385,1232.0,3.20
2991,422,1516.0,3.59
2992,31,77.0,2.48
2993,404,1497.0,3.71
2994,10,35.0,3.50
2995,341,787.0,2.31
2996,133,456.0,3.43
2997,2241,9245.0,4.13
2998,13,46.0,3.54
2999,4,16.0,4.00
3000,345,1431.0,4.15
3001,6,10.0,1.67
3002,35,137.0,3.91
3003,8,26.0,3.25
3004,252,625.0,2.48
3005,640,2161.0,3.38
3006,884,3588.0,4.06
3007,295,1184.0,4.01
3008,51,190.0,3.73
3010,35,126.0,3.60
3011,149,538.0,3.61
3012,10,34.0,3.40
3013,65,188.0,2.89
3014,49,143.0,2.92
3015,144,486.0,3.38
3016,447,1412.0,3.16
3017,104,263.0,2.53
3018,248,862.0,3.48
3019,416,1631.0,3.92
3020,524,1809.0,3.45
3021,36,103.0,2.86
3022,206,900.0,4.37
3024,161,378.0,2.35
3025,14,46.0,3.29
3026,8,12.0,1.50
3027,7,8.0,1.14
3028,139,523.0,3.76
3029,190,622.0,3.27
3030,215,947.0,4.40
3031,53,114.0,2.15
3032,224,793.0,3.54
3033,899,2952.0,3.28
3034,343,1284.0,3.74
3035,421,1747.0,4.15
3036,174,562.0,3.23
3037,591,2390.0,4.04
3038,74,311.0,4.20
3039,839,3212.0,3.83
3040,315,1043.0,3.31
3041,73,124.0,1.70
3042,65,101.0,1.55
3043,40,69.0,1.73
3044,583,2248.0,3.86
3045,118,365.0,3.09
3046,85,297.0,3.49
3047,18,64.0,3.56
3048,71,167.0,2.35
3049,37,120.0,3.24
3050,16,50.0,3.13
3051,161,475.0,2.95
3052,989,3672.0,3.71
3053,341,1029.0,3.02
3054,136,269.0,1.98
3055,82,278.0,3.39
3056,6,22.0,3.67
3057,2,8.0,4.00
3058,12,26.0,2.17
3060,558,2138.0,3.83
3061,275,1067.0,3.88
3062,352,1398.0,3.97
3063,139,378.0,2.72
3064,60,150.0,2.50
3065,1,4.0,4.00
3066,194,718.0,3.70
3067,353,1374.0,3.89
3068,379,1465.0,3.87
3069,55,210.0,3.82
3070,611,2070.0,3.39
3071,327,1231.0,3.76
3072,982,3719.0,3.79
3073,33,107.0,3.24
3074,222,841.0,3.79
3075,69,275.0,3.99
3076,93,345.0,3.71
3077,88,372.0,4.23
3078,155,566.0,3.65
3079,145,563.0,3.88
3081,1066,3749.0,3.52
3082,862,2913.0,3.38
3083,394,1610.0,4.09
3084,2,7.0,3.50
3085,2,5.0,2.50
3086,81,290.0,3.58
3087,516,1795.0,3.48
3088,356,1456.0,4.09
3089,252,1098.0,4.36
3090,177,733.0,4.14
3091,141,604.0,4.28
3092,20,80.0,4.00
3093,208,769.0,3.70
3094,101,389.0,3.85
3095,521,2154.0,4.13
3096,93,368.0,3.96
3097,206,832.0,4.04
3098,548,2100.0,3.83
3099,273,884.0,3.24
3100,623,2340.0,3.76
3101,802,2943.0,3.67
3102,244,889.0,3.64
3103,68,208.0,3.06
3104,765,2950.0,3.86
3105,680,2571.0,3.78
3106,25,81.0,3.24
3107,869,2990.0,3.44
3108,945,3427.0,3.63
3109,64,206.0,3.22
3110,33,112.0,3.39
3111,213,788.0,3.70
3112,70,236.0,3.37
3113,564,1483.0,2.63
3114,1585,6687.0,4.22
3115,110,348.0,3.16
3116,11,30.0,2.73
3117,73,241.0,3.30
3118,66,233.0,3.53
3119,3,5.0,1.67
3120,130,392.0,3.02
3121,18,64.0,3.56
3122,29,98.0,3.38
3123,3,3.0,1.00
3124,34,113.0,3.32
3125,200,703.0,3.52
3126,3,12.0,4.00
3127,56,181.0,3.23
3128,51,176.0,3.45
3129,288,1066.0,3.70
3130,118,280.0,2.37
3131,2,7.0,3.50
3132,38,138.0,3.63
3133,42,156.0,3.71
3134,165,716.0,4.34
3135,195,770.0,3.95
3136,3,9.0,3.00
3137,16,61.0,3.81
3138,66,211.0,3.20
3139,17,54.0,3.18
3140,9,31.0,3.44
3141,62,189.0,3.05
3142,130,440.0,3.38
3143,33,122.0,3.70
3144,49,160.0,3.27
3145,259,870.0,3.36
3146,308,851.0,2.76
3147,1222,5077.0,4.15
3148,711,2810.0,3.95
3149,9,22.0,2.44
3150,60,221.0,3.68
3151,1,2.0,2.00
3152,354,1406.0,3.97
3153,258,933.0,3.62
3154,8,28.0,3.50
3155,333,1137.0,3.41
3156,383,1113.0,2.91
3157,520,1638.0,3.15
3158,44,160.0,3.64
3159,453,1724.0,3.81
3160,1113,4334.0,3.89
3161,19,66.0,3.47
3162,21,52.0,2.48
3163,304,1126.0,3.70
3164,1,4.0,4.00
3165,61,160.0,2.62
3166,6,7.0,1.17
3167,166,603.0,3.63
3168,485,1829.0,3.77
3169,253,889.0,3.51
3171,25,98.0,3.92
3172,1,5.0,5.00
3173,483,1510.0,3.13
3174,874,3046.0,3.49
3175,1728,6517.0,3.77
3176,1331,4663.0,3.50
3177,168,437.0,2.60
3178,509,1959.0,3.85
3179,225,768.0,3.41
3180,70,154.0,2.20
3181,163,605.0,3.71
3182,124,491.0,3.96
3183,45,163.0,3.62
3184,5,15.0,3.00
3185,398,1358.0,3.41
3186,431,1499.0,3.48
3187,3,9.0,3.00
3188,54,200.0,3.70
3189,300,1093.0,3.64
3190,161,346.0,2.15
3192,24,98.0,4.08
3194,220,727.0,3.30
3196,394,1666.0,4.23
3197,251,829.0,3.30
3198,325,1324.0,4.07
3199,72,241.0,3.35
3200,172,662.0,3.85
3201,359,1419.0,3.95
3202,1,1.0,1.00
3203,497,1828.0,3.68
3204,204,747.0,3.66
3205,4,9.0,2.25
3206,133,432.0,3.25
3207,5,16.0,3.20
3208,264,729.0,2.76
3209,1,1.0,1.00
3210,886,3400.0,3.84
3211,66,232.0,3.52
3212,2,5.0,2.50
3213,232,826.0,3.56
3214,97,323.0,3.33
3215,11,35.0,3.18
3216,3,10.0,3.33
3217,91,305.0,3.35
3218,32,102.0,3.19
3219,447,1455.0,3.26
3220,1,2.0,2.00
3221,29,99.0,3.41
3222,30,125.0,4.17
3223,29,99.0,3.41
3224,77,312.0,4.05
3225,122,328.0,2.69
3228,2,2.0,1.00
3229,1,4.0,4.00
3230,78,286.0,3.67
3232,5,20.0,4.00
3233,2,10.0,5.00
3235,71,213.0,3.00
3236,2,7.0,3.50
3237,1,1.0,1.00
3238,267,570.0,2.13
3239,37,88.0,2.38
3240,33,108.0,3.27
3241,57,209.0,3.67
3242,3,11.0,3.67
3243,293,733.0,2.50
3244,322,1190.0,3.70
3245,5,24.0,4.80
3246,475,1854.0,3.90
3247,666,2110.0,3.17
3248,202,513.0,2.54
3249,340,1066.0,3.14
3250,366,1245.0,3.40
3251,276,933.0,3.38
3252,555,2061.0,3.71
3253,1120,4033.0,3.60
3254,433,1249.0,2.88
3255,1099,4044.0,3.68
3256,1052,3945.0,3.75
3257,626,1790.0,2.86
3258,339,933.0,2.75
3259,403,1358.0,3.37
3260,480,1790.0,3.73
3261,429,1494.0,3.48
3262,163,484.0,2.97
3263,667,2127.0,3.19
3264,512,1583.0,3.09
3265,327,1353.0,4.14
3266,154,563.0,3.66
3267,483,1781.0,3.69
3268,179,319.0,1.78
3269,477,1528.0,3.20
3270,200,657.0,3.29
3271,328,1262.0,3.85
3272,171,548.0,3.20
3273,577,1577.0,2.73
3274,438,1361.0,3.11
3275,92,333.0,3.62
3276,46,122.0,2.65
3277,1,4.0,4.00
3280,1,5.0,5.00
3281,49,198.0,4.04
3282,10,37.0,3.70
3283,15,52.0,3.47
3284,45,168.0,3.73
3285,423,1143.0,2.70
3286,122,270.0,2.21
3287,129,352.0,2.73
3288,4,12.0,3.00
3289,52,196.0,3.77
3290,1,3.0,3.00
3291,1,2.0,2.00
3292,6,23.0,3.83
3293,5,17.0,3.40
3294,2,5.0,2.50
3295,2,7.0,3.50
3296,203,770.0,3.79
3297,1,2.0,2.00
3298,590,2041.0,3.46
3299,176,404.0,2.30
3300,542,1789.0,3.30
3301,602,2034.0,3.38
3302,53,177.0,3.34
3303,6,21.0,3.50
3304,56,200.0,3.57
3305,2,8.0,4.00
3306,24,95.0,3.96
3307,271,1189.0,4.39
3308,294,940.0,3.20
3309,24,88.0,3.67
3310,62,235.0,3.79
3311,33,125.0,3.79
3312,1,1.0,1.00
3313,20,45.0,2.25
3314,4,13.0,3.25
3315,1,2.0,2.00
3316,289,800.0,2.77
3317,496,1959.0,3.95
3318,48,167.0,3.48
3319,28,87.0,3.11
3320,45,158.0,3.51
3321,1,2.0,2.00
3322,4,11.0,2.75
3323,1,3.0,3.00
3324,190,525.0,2.76
3325,160,373.0,2.33
3326,180,514.0,2.86
3327,134,473.0,3.53
3328,314,1207.0,3.84
3329,27,103.0,3.81
3330,108,406.0,3.76
3331,35,81.0,2.31
3333,16,56.0,3.50
3334,461,1882.0,4.08
3335,12,32.0,2.67
3336,2,6.0,3.00
3337,2,7.0,3.50
3338,27,120.0,4.44
3339,43,161.0,3.74
3340,71,199.0,2.80
3341,177,715.0,4.04
3342,223,860.0,3.86
3343,40,95.0,2.38
3344,20,52.0,2.60
3345,23,72.0,3.13
3346,5,14.0,2.80
3347,212,844.0,3.98
3349,25,85.0,3.40
3350,143,568.0,3.97
3351,15,49.0,3.27
3352,3,8.0,2.67
3353,2,8.0,4.00
3354,793,2058.0,2.60
3355,298,857.0,2.88
3357,103,388.0,3.77
3358,446,1642.0,3.68
3359,520,2122.0,4.08
3360,590,2312.0,3.92
3361,1095,4202.0,3.84
3362,765,3037.0,3.97
3363,990,3986.0,4.03
3364,151,593.0,3.93
3365,245,1001.0,4.09
3366,265,1010.0,3.81
3367,43,145.0,3.37
3368,63,230.0,3.65
3370,86,295.0,3.43
3371,48,178.0,3.71
3372,56,199.0,3.55
3373,3,8.0,2.67
3374,15,39.0,2.60
3375,65,217.0,3.34
3376,1,1.0,1.00
3377,2,7.0,3.50
3378,4,13.0,3.25
3379,95,375.0,3.95
3380,3,9.0,3.00
3381,2,7.0,3.50
3382,1,5.0,5.00
3384,276,1049.0,3.80
3385,141,360.0,2.55
3386,756,2839.0,3.76
3387,173,471.0,2.72
3388,298,810.0,2.72
3389,38,103.0,2.71
3390,33,55.0,1.67
3391,96,219.0,2.28
3392,157,304.0,1.94
3393,51,109.0,2.14
3394,210,561.0,2.67
3395,55,156.0,2.84
3396,744,2869.0,3.86
3397,358,1338.0,3.74
3398,341,1195.0,3.50
3399,87,272.0,3.13
3400,29,73.0,2.52
3401,113,238.0,2.11
3402,23,77.0,3.35
3403,32,89.0,2.78
3404,219,756.0,3.45
3405,144,558.0,3.88
3406,105,394.0,3.75
3407,3,5.0,1.67
3408,1315,5081.0,3.86
3409,459,1502.0,3.27
3410,9,39.0,4.33
3412,175,590.0,3.37
3413,2,7.0,3.50
3414,50,163.0,3.26
3415,23,88.0,3.83
3416,51,201.0,3.94
3417,73,262.0,3.59
3418,1417,5215.0,3.68
3419,13,41.0,3.15
3420,199,739.0,3.71
3421,1207,4892.0,4.05
3422,210,714.0,3.40
3423,74,216.0,2.92
3424,781,3031.0,3.88
3425,79,260.0,3.29
3426,215,687.0,3.20
3427,74,247.0,3.34
3428,59,174.0,2.95
3429,274,1188.0,4.34
3430,220,735.0,3.34
3431,85,227.0,2.67
3432,72,163.0,2.26
3433,48,103.0,2.15
3434,38,86.0,2.26
3435,551,2433.0,4.42
3436,128,357.0,2.79
3437,12,24.0,2.00
3438,534,1430.0,2.68
3439,251,534.0,2.13
3440,188,361.0,1.92
3441,475,1556.0,3.28
3442,39,90.0,2.31
3443,5,19.0,3.80
3444,222,716.0,3.23
3445,139,444.0,3.19
3446,39,133.0,3.41
3447,72,268.0,3.72
3448,1082,4040.0,3.73
3449,34,101.0,2.97
3450,809,2763.0,3.42
3451,350,1372.0,3.92
3452,331,1040.0,3.14
3453,89,221.0,2.48
3454,43,116.0,2.70
3456,65,256.0,3.94
3457,141,422.0,2.99
3458,1,3.0,3.00
3459,62,172.0,2.77
3460,1,1.0,1.00
3461,353,1294.0,3.67
3462,305,1292.0,4.24
3463,10,18.0,1.80
3464,20,49.0,2.45
3465,18,50.0,2.78
3466,219,777.0,3.55
3467,279,1122.0,4.02
3468,450,1908.0,4.24
3469,268,1147.0,4.28
3470,92,398.0,4.33
3471,1451,5825.0,4.01
3472,4,7.0,1.75
3473,24,82.0,3.42
3474,16,51.0,3.19
3475,134,531.0,3.96
3476,667,2387.0,3.58
3477,271,825.0,3.04
3478,266,886.0,3.33
3479,542,1991.0,3.67
3480,155,562.0,3.63
3481,1373,5394.0,3.93
3482,3,9.0,3.00
3483,168,506.0,3.01
3484,302,824.0,2.73
3485,2,3.0,1.50
3486,10,31.0,3.10
3487,68,253.0,3.72
3488,22,44.0,2.00
3489,722,2179.0,3.02
3490,17,45.0,2.65
3491,66,194.0,2.94
3492,14,50.0,3.57
3493,2,2.0,1.00
3494,320,1196.0,3.74
3495,12,45.0,3.75
3496,59,190.0,3.22
3497,96,293.0,3.05
3498,295,1182.0,4.01
3499,884,3382.0,3.83
3500,177,480.0,2.71
3501,269,954.0,3.55
3502,88,309.0,3.51
3503,143,494.0,3.45
3504,688,2766.0,4.02
3505,355,1375.0,3.87
3506,167,562.0,3.37
3507,389,1569.0,4.03
3508,365,1476.0,4.04
3509,92,262.0,2.85
3510,821,3086.0,3.76
3511,66,171.0,2.59
3512,454,1671.0,3.68
3513,420,1406.0,3.35
3514,62,196.0,3.16
3515,192,612.0,3.19
3516,227,855.0,3.77
3517,2,9.0,4.50
3518,54,155.0,2.87
3519,199,666.0,3.35
3520,32,82.0,2.56
3521,188,729.0,3.88
3522,3,12.0,4.00
3523,8,25.0,3.13
3524,534,1830.0,3.43
3525,360,1130.0,3.14
3526,811,3057.0,3.77
3527,1297,4739.0,3.65
3528,321,1013.0,3.16
3529,155,538.0,3.47
3530,1,4.0,4.00
3531,27,82.0,3.04
3532,21,79.0,3.76
3533,7,23.0,3.29
3534,505,1548.0,3.07
3535,630,2028.0,3.22
3536,489,1833.0,3.75
3537,34,113.0,3.32
3538,176,645.0,3.66
3539,39,150.0,3.85
3540,28,77.0,2.75
3542,2,6.0,3.00
3543,839,3291.0,3.92
3544,97,283.0,2.92
3545,443,1729.0,3.90
3546,223,830.0,3.72
3547,77,292.0,3.79
3548,274,1051.0,3.84
3549,260,986.0,3.79
3550,160,549.0,3.43
3551,400,1572.0,3.93
3552,967,3720.0,3.85
3553,82,227.0,2.77
3554,119,411.0,3.45
3555,908,3214.0,3.54
3556,328,1191.0,3.63
3557,116,336.0,2.90
3559,30,110.0,3.67
3562,26,79.0,3.04
3563,13,25.0,1.92
3564,128,231.0,1.80
3565,277,905.0,3.27
3566,304,1025.0,3.37
3567,35,119.0,3.40
3568,26,85.0,3.27
3569,37,124.0,3.35
3570,10,39.0,3.90
3571,127,429.0,3.38
3572,77,133.0,1.73
3573,26,38.0,1.46
3574,17,18.0,1.06
3575,3,10.0,3.33
3576,284,1046.0,3.68
3577,60,159.0,2.65
3578,1924,7900.0,4.11
3579,68,169.0,2.49
3580,29,89.0,3.07
3581,14,39.0,2.79
3584,129,357.0,2.77
3585,19,73.0,3.84
3586,28,95.0,3.39
3587,30,90.0,3.00
3588,48,160.0,3.33
3590,85,243.0,2.86
3591,628,2140.0,3.41
3592,8,20.0,2.50
3593,342,551.0,1.61
3594,182,601.0,3.30
3595,4,12.0,3.00
3596,60,152.0,2.53
3597,37,101.0,2.73
3598,179,619.0,3.46
3599,103,374.0,3.63
3600,121,342.0,2.83
3601,2,8.0,4.00
3602,49,146.0,2.98
3603,3,10.0,3.33
3604,122,451.0,3.70
3605,51,158.0,3.10
3606,169,666.0,3.94
3607,1,5.0,5.00
3608,861,2932.0,3.41
3609,4,16.0,4.00
3610,34,86.0,2.53
3611,15,46.0,3.07
3612,30,109.0,3.63
3613,94,353.0,3.76
3614,542,1745.0,3.22
3615,345,1110.0,3.22
3616,138,339.0,2.46
3617,419,1369.0,3.27
3618,369,1244.0,3.37
3619,92,300.0,3.26
3620,50,150.0,3.00
3621,3,5.0,1.67
3622,84,322.0,3.83
3623,1313,4196.0,3.20
3624,791,2891.0,3.65
3625,16,61.0,3.81
3626,49,121.0,2.47
3627,107,372.0,3.48
3628,101,345.0,3.42
3629,275,1152.0,4.19
3631,3,8.0,2.67
3632,40,144.0,3.60
3633,353,1222.0,3.46
3634,165,702.0,4.25
3635,487,1756.0,3.61
3636,9,25.0,2.78
3637,20,79.0,3.95
3638,652,2081.0,3.19
3639,461,1673.0,3.63
3640,12,41.0,3.42
3641,8,22.0,2.75
3642,13,40.0,3.08
3643,101,347.0,3.44
3644,17,57.0,3.35
3645,18,65.0,3.61
3646,180,440.0,2.44
3647,1,4.0,4.00
3648,9,24.0,2.67
3649,295,935.0,3.17
3651,2,2.0,1.00
3652,5,15.0,3.00
3653,149,565.0,3.79
3654,502,1990.0,3.96
3655,50,189.0,3.78
3656,1,5.0,5.00
3657,6,22.0,3.67
3658,69,252.0,3.65
3659,38,122.0,3.21
3660,157,449.0,2.86
3661,82,181.0,2.21
3662,92,193.0,2.10
3663,58,108.0,1.86
3664,54,91.0,1.69
3665,26,45.0,1.73
3666,6,10.0,1.67
3667,35,67.0,1.91
3668,356,1394.0,3.92
3669,71,169.0,2.38
3670,21,77.0,3.67
3671,1119,4529.0,4.05
3672,156,463.0,2.97
3673,31,72.0,2.32
3674,47,122.0,2.60
3675,271,1037.0,3.83
3676,199,690.0,3.47
3677,45,175.0,3.89
3678,90,338.0,3.76
3679,62,265.0,4.27
3680,47,185.0,3.94
3681,325,1273.0,3.92
3682,210,775.0,3.69
3683,628,2649.0,4.22
3684,358,1208.0,3.37
3685,545,1958.0,3.59
3686,413,1344.0,3.25
3687,2,4.0,2.00
3688,339,927.0,2.73
3689,141,288.0,2.04
3690,122,249.0,2.04
3691,42,108.0,2.57
3692,58,133.0,2.29
3693,182,491.0,2.70
3694,62,115.0,1.85
3695,53,96.0,1.81
3696,65,166.0,2.55
3697,643,1844.0,2.87
3698,730,2335.0,3.20
3699,865,2994.0,3.46
3700,246,882.0,3.59
3701,504,1625.0,3.22
3702,1066,3906.0,3.66
3703,1034,3799.0,3.67
3704,722,2286.0,3.17
3705,380,982.0,2.58
3706,448,1525.0,3.40
3707,237,731.0,3.08
3708,267,796.0,2.98
3709,113,270.0,2.39
3710,185,417.0,2.25
3711,33,106.0,3.21
3712,365,1179.0,3.23
3713,85,318.0,3.74
3714,66,207.0,3.14
3715,88,216.0,2.45
3716,67,159.0,2.37
3717,584,1737.0,2.97
3718,61,202.0,3.31
3719,45,136.0,3.02
3720,87,319.0,3.67
3721,24,62.0,2.58
3722,1,2.0,2.00
3723,269,1003.0,3.73
3724,195,725.0,3.72
3725,112,344.0,3.07
3726,98,350.0,3.57
3727,148,549.0,3.71
3728,148,586.0,3.96
3729,222,758.0,3.41
3730,453,1925.0,4.25
3731,43,146.0,3.40
3732,71,212.0,2.99
3733,289,1109.0,3.84
3734,57,199.0,3.49
3735,495,1971.0,3.98
3736,39,148.0,3.79
3737,50,200.0,4.00
3738,77,266.0,3.45
3739,40,159.0,3.98
3740,584,1994.0,3.41
3741,241,983.0,4.08
3742,234,929.0,3.97
3743,77,200.0,2.60
3744,421,1365.0,3.24
3745,535,1809.0,3.38
3746,69,266.0,3.86
3747,148,555.0,3.75
3748,2,6.0,3.00
3749,22,69.0,3.14
3751,1329,5156.0,3.88
3752,560,1680.0,3.00
3753,1240,4644.0,3.75
3754,206,514.0,2.50
3755,1013,3395.0,3.35
3756,24,84.0,3.50
3757,17,48.0,2.82
3758,120,331.0,2.76
3759,35,114.0,3.26
3760,305,1062.0,3.48
3761,28,83.0,2.96
3762,3,4.0,1.33
3763,701,2503.0,3.57
3764,245,647.0,2.64
3765,46,131.0,2.85
3766,191,485.0,2.54
3767,104,217.0,2.09
3768,81,175.0,2.16
3769,190,643.0,3.38
3770,338,1173.0,3.47
3771,151,513.0,3.40
3772,3,5.0,1.67
3773,171,482.0,2.82
3774,64,126.0,1.97
3775,20,65.0,3.25
3776,24,80.0,3.33
3777,11,24.0,2.18
3778,6,17.0,2.83
3779,1,3.0,3.00
3780,41,127.0,3.10
3781,29,75.0,2.59
3782,44,120.0,2.73
3783,235,947.0,4.03
3784,165,534.0,3.24
3785,613,1846.0,3.01
3786,184,598.0,3.25
3787,63,243.0,3.86
3788,246,937.0,3.81
3789,156,655.0,4.20
3790,51,172.0,3.37
3791,435,1334.0,3.07
3792,72,256.0,3.56
3793,1511,5773.0,3.82
3794,121,397.0,3.28
3795,66,225.0,3.41
3796,13,44.0,3.38
3797,29,64.0,2.21
3798,463,1544.0,3.33
3799,100,162.0,1.62
3800,3,7.0,2.33
3801,199,842.0,4.23
3802,304,735.0,2.42
3803,9,32.0,3.56
3804,43,109.0,2.53
3805,34,95.0,2.79
3806,58,189.0,3.26
3807,106,347.0,3.27
3808,44,177.0,4.02
3809,817,2776.0,3.40
3810,83,260.0,3.13
3811,360,1477.0,4.10
3812,285,1014.0,3.56
3813,83,273.0,3.29
3814,219,881.0,4.02
3816,38,143.0,3.76
3817,16,51.0,3.19
3818,7,17.0,2.43
3819,245,986.0,4.02
3820,37,67.0,1.81
3821,248,655.0,2.64
3822,70,263.0,3.76
3823,66,237.0,3.59
3824,117,249.0,2.13
3825,201,555.0,2.76
3826,405,1028.0,2.54
3827,478,1617.0,3.38
3828,2,5.0,2.50
3830,25,72.0,2.88
3831,186,692.0,3.72
3832,21,69.0,3.29
3833,56,142.0,2.54
3834,176,497.0,2.82
3835,178,482.0,2.71
3836,375,1466.0,3.91
3837,89,257.0,2.89
3838,42,110.0,2.62
3839,47,124.0,2.64
3840,112,285.0,2.54
3841,306,843.0,2.75
3842,1,3.0,3.00
3843,30,79.0,2.63
3844,408,1466.0,3.59
3845,28,95.0,3.39
3846,138,434.0,3.14
3847,25,74.0,2.96
3848,20,62.0,3.10
3849,43,174.0,4.05
3850,13,38.0,2.92
3851,40,158.0,3.95
3852,208,769.0,3.70
3853,13,46.0,3.54
3854,20,73.0,3.65
3855,39,143.0,3.67
3857,60,160.0,2.67
3858,69,218.0,3.16
3859,82,318.0,3.88
3860,16,51.0,3.19
3861,241,748.0,3.10
3862,20,62.0,3.10
3863,658,2146.0,3.26
3864,143,385.0,2.69
3865,147,475.0,3.23
3866,6,19.0,3.17
3867,12,40.0,3.33
3868,692,2547.0,3.68
3869,431,1331.0,3.09
3870,49,189.0,3.86
3871,305,1171.0,3.84
3872,102,391.0,3.83
3873,280,1027.0,3.67
3874,24,72.0,3.00
3875,5,14.0,2.80
3876,4,8.0,2.00
3877,182,368.0,2.02
3878,12,34.0,2.83
3879,144,401.0,2.78
3880,18,63.0,3.50
3881,1,5.0,5.00
3882,234,766.0,3.27
3883,15,41.0,2.73
3884,40,95.0,2.38
3885,26,81.0,3.12
3886,40,120.0,3.00
3887,4,12.0,3.00
3888,2,9.0,4.50
3889,135,326.0,2.41
3890,1,3.0,3.00
3891,7,12.0,1.71
3892,10,27.0,2.70
3893,559,1958.0,3.50
3894,21,67.0,3.19
3895,94,220.0,2.34
3896,179,594.0,3.32
3897,994,4201.0,4.23
3898,45,123.0,2.73
3899,3,5.0,1.67
3900,33,92.0,2.79
3901,106,281.0,2.65
3902,24,75.0,3.13
3903,52,182.0,3.50
3904,1,1.0,1.00
3905,8,31.0,3.88
3906,32,101.0,3.16
3908,92,201.0,2.18
3909,69,185.0,2.68
3910,200,764.0,3.82
3911,657,2676.0,4.07
3912,40,92.0,2.30
3913,32,93.0,2.91
3914,70,233.0,3.33
3915,127,446.0,3.51
3916,437,1715.0,3.92
3917,279,868.0,3.11
3918,167,468.0,2.80
3919,87,194.0,2.23
3920,66,245.0,3.71
3921,47,124.0,2.64
3922,39,101.0,2.59
3923,104,268.0,2.58
3924,26,76.0,2.92
3925,124,478.0,3.85
3926,180,605.0,3.36
3927,348,1246.0,3.58
3928,206,709.0,3.44
3929,147,587.0,3.99
3930,223,726.0,3.26
3931,27,55.0,2.04
3932,232,870.0,3.75
3933,16,36.0,2.25
3934,28,85.0,3.04
3935,23,69.0,3.00
3936,112,417.0,3.72
3937,135,397.0,2.94
3938,27,52.0,1.93
3939,26,51.0,1.96
3940,15,26.0,1.73
3941,22,45.0,2.05
3942,28,50.0,1.79
3943,96,293.0,3.05
3944,9,19.0,2.11
3945,43,64.0,1.49
3946,100,226.0,2.26
3947,55,191.0,3.47
3948,862,3134.0,3.64
3949,304,1251.0,4.12
3950,54,198.0,3.67
3951,40,156.0,3.90
3952,388,1467.0,3.78
