movieid,Total_ratings
1,8613
2,2244
3,1442
4,464
5,890
6,3646
7,1562
8,205
9,271
10,3144
11,3919
12,378
13,323
14,542
15,359
16,2587
17,3363
18,524
19,965
20,406
21,4914
22,1266
23,360
24,1984
25,3578
26,353
27,179
28,726
29,1637
30,270
31,439
32,5962
33,12
34,6814
35,232
36,3673
37,28
38,79
39,4935
40,118
41,958
42,634
43,572
44,867
45,1863
46,516
47,4669
48,1137
49,101
50,8054
52,1569
53,38
54,105
55,138
56,18
57,337
58,2051
59,22
60,1147
61,201
62,2000
63,317
64,179
65,295
66,162
67,13
68,207
69,1166
70,2885
71,202
72,338
73,855
74,357
75,23
76,508
77,128
78,163
79,297
80,199
81,525
82,345
83,122
84,65
85,660
86,801
87,168
88,565
89,704
90,22
92,206
93,199
94,678
95,1835
96,51
97,165
98,12
99,173
100,392
101,979
102,109
103,106
104,2405
105,1251
106,43
107,806
108,20
110,10346
111,5188
112,1963
113,158
114,34
116,168
117,287
118,209
119,32
120,8
121,150
122,537
123,445
124,45
125,1219
126,197
127,1
128,52
129,43
130,8
131,49
132,227
133,1
134,8
135,374
136,26
137,39
138,5
139,4
140,440
141,2421
142,1
144,1469
145,1193
146,52
147,641
148,64
149,178
150,5096
151,1988
152,207
153,2053
154,626
155,297
156,235
157,511
158,772
159,381
160,1265
161,2830
162,1995
163,1867
164,1352
165,2938
166,150
167,18
168,1068
169,228
170,1010
171,332
172,1180
173,1302
174,187
175,765
176,803
177,380
178,66
179,106
180,1600
181,150
182,154
183,101
184,87
185,1633
186,583
187,340
188,612
189,51
190,375
191,185
192,6
193,445
194,800
195,466
196,1553
197,52
198,1994
199,446
200,29
201,87
202,75
203,620
204,593
205,307
206,301
207,686
208,1713
209,128
210,129
211,121
212,27
213,499
214,119
215,609
216,1130
217,168
218,610
219,70
220,51
222,1167
223,5573
224,1309
225,806
226,2
227,345
228,28
229,378
230,1205
231,2107
232,1410
233,849
234,327
235,3427
236,1077
237,764
238,90
239,483
240,122
241,96
242,280
243,21
244,19
245,33
246,2999
247,1844
248,402
249,981
250,78
251,59
252,1200
253,2601
254,117
255,136
256,578
257,368
258,349
259,290
260,13321
261,1040
262,666
263,108
264,16
265,3036
266,2415
267,382
268,182
269,194
270,240
271,198
272,1427
273,707
274,57
275,203
276,614
277,541
278,110
279,171
280,757
281,850
282,693
283,54
286,3
287,61
288,2201
289,528
290,658
291,106
292,2396
293,3790
294,130
295,80
296,9288
297,87
298,90
299,524
300,2650
301,142
302,328
303,1244
304,110
305,318
306,1412
307,996
308,801
309,177
310,16
311,3
312,273
313,156
314,1155
315,406
316,3895
317,2046
318,10143
319,1063
320,109
321,229
322,776
324,131
325,120
326,265
327,936
328,448
329,3343
330,407
331,65
332,410
333,1436
334,440
335,143
336,51
337,2662
338,637
339,2355
340,275
341,119
342,1905
343,102
344,2412
345,1785
346,423
347,146
348,1683
349,3946
350,1747
351,859
352,373
353,2529
354,213
355,628
356,8969
357,4616
358,447
359,61
360,317
361,917
362,804
363,264
364,4328
365,225
366,708
367,3866
368,2826
369,192
370,1194
371,674
372,1350
373,995
374,387
375,56
376,1136
377,5883
378,405
379,1260
380,5088
381,688
382,798
383,882
384,116
385,34
386,78
387,280
388,353
389,74
390,209
391,131
392,70
393,195
394,66
396,4
397,29
398,4
401,6
402,3
404,15
405,431
406,29
407,562
408,239
409,148
410,1346
411,34
412,1050
413,620
414,239
415,444
416,216
417,725
418,73
419,342
420,882
421,316
422,178
423,687
424,195
425,379
426,829
427,393
428,1034
429,445
430,58
431,1362
432,1011
433,134
434,2116
435,1389
436,374
437,131
438,399
439,9
440,3613
441,2375
442,1915
443,105
444,186
445,261
446,1037
447,77
448,821
449,260
450,748
451,334
452,125
453,216
454,2923
455,738
456,372
457,8186
458,285
459,405
460,86
461,282
462,74
463,129
464,601
465,348
466,1602
467,173
468,1145
469,204
470,66
471,2175
472,119
473,336
474,3718
475,1217
476,94
477,676
478,59
479,372
480,10057
481,994
482,621
483,277
484,77
485,1254
486,180
487,162
488,132
489,240
490,615
491,703
492,1246
493,1075
494,1392
495,142
496,119
497,2668
498,129
499,135
500,2866
501,339
502,300
503,48
504,526
505,172
506,398
507,1085
508,2185
509,2234
510,101
511,472
512,514
513,209
514,1222
515,1763
516,712
517,1213
518,366
519,392
520,1096
521,394
522,296
523,428
524,1721
525,67
526,20
527,10392
528,171
529,2864
530,7
531,1274
532,1186
533,555
534,1097
535,1149
536,174
537,637
538,1204
539,3708
540,375
541,7692
542,551
543,2308
544,341
545,2
546,656
547,357
548,349
549,600
550,537
551,3703
552,1714
553,2142
554,68
555,2585
556,558
557,9
558,365
559,15
560,29
561,47
562,1816
563,55
564,102
565,191
566,38
567,50
568,135
569,293
570,74
571,122
572,6
573,74
574,603
575,302
576,3
577,163
578,9
579,2
580,201
581,571
582,6
583,103
584,4
585,1215
586,2116
587,3930
588,5118
589,10751
590,5681
591,4
592,5153
593,11219
594,2934
595,4119
596,1868
597,3809
598,34
599,1079
600,90
601,3
602,169
603,174
605,749
606,207
607,4
608,10692
609,186
610,2192
611,534
612,190
613,298
614,24
615,271
616,932
617,62
618,19
619,83
621,156
623,9
624,4
626,43
627,436
628,1890
630,20
631,156
632,52
633,72
634,5
635,279
637,356
638,61
639,204
640,190
641,1
642,2
643,6
644,2
645,72
647,1567
648,5242
649,67
650,309
651,2
652,26
653,1974
655,1
656,100
657,6
658,3
659,93
660,3
661,1819
662,382
663,902
664,24
665,128
666,10
667,96
668,207
669,96
670,247
671,1678
672,4
673,1475
674,1164
678,1299
679,7
680,215
681,59
682,14
684,1
685,99
687,9
688,485
690,4
691,375
692,224
694,373
695,429
696,13
697,217
698,11
700,482
701,4
702,99
703,16
704,97
705,138
706,5
707,849
708,2332
709,438
710,119
711,155
712,7
714,595
715,188
716,75
717,4
718,115
719,684
720,1939
722,103
724,1284
725,254
726,27
728,817
729,11
730,1
731,134
732,17
733,4989
734,9
735,339
736,3523
737,609
741,1284
742,440
743,275
744,6
745,2970
746,124
747,110
748,1314
749,11
750,6083
751,53
753,101
754,38
755,34
756,12
757,15
758,4
759,242
760,116
761,343
762,651
763,3
764,242
765,450
766,357
767,77
769,39
771,68
774,4
775,29
776,12
778,2974
779,140
780,6073
781,348
782,370
783,1257
784,1051
785,2661
786,1437
787,15
788,2840
789,6
790,3
791,7
792,4
793,26
796,10
798,552
799,1132
800,2572
801,375
802,1493
803,210
804,694
805,1235
806,190
807,42
808,146
809,270
810,176
811,35
813,118
814,3
815,12
818,484
820,13
821,4
823,13
824,110
826,1
827,6
828,157
829,300
830,871
831,77
832,1962
833,170
834,8
835,322
836,629
837,758
838,1944
839,299
840,128
841,85
842,391
843,1
844,25
846,142
847,13
848,536
849,1283
850,110
851,444
852,1981
853,12
854,29
858,10059
859,2
860,36
861,959
862,113
863,35
864,43
865,2
866,2187
867,53
868,3
869,130
870,107
872,3
874,25
875,149
876,60
877,79
878,4
879,670
880,713
881,202
882,160
884,6
885,111
886,306
887,5
888,106
889,5
891,432
892,587
893,255
895,2
896,175
897,368
898,2503
899,3217
900,1321
901,634
902,2642
903,3867
904,4700
905,1601
906,766
907,412
908,5765
909,1721
910,3578
911,1280
912,7365
913,4585
914,2642
915,1447
916,1792
917,283
918,717
919,7298
920,4621
921,1176
922,2111
923,4898
924,6982
925,39
926,1715
927,334
928,1623
929,352
930,1911
931,806
932,747
933,1817
934,1112
935,258
936,538
937,165
938,677
939,35
940,1502
941,389
942,1227
943,681
944,368
945,1041
946,620
947,772
948,488
949,855
950,1238
951,1687
952,969
953,3134
954,1624
955,1722
956,142
957,120
958,44
959,217
960,69
961,80
962,39
963,193
964,173
965,1031
966,24
967,75
968,2625
969,4494
970,126
971,1097
972,19
973,321
974,60
975,3
976,200
977,4
978,394
980,14
981,11
982,298
984,88
985,15
986,836
987,116
988,233
989,5
990,139
991,599
992,52
993,28
994,1843
996,744
997,94
998,280
999,939
1000,61
1002,34
1003,356
1004,269
1005,337
1006,241
1007,691
1008,323
1009,927
1010,791
1011,368
1012,1115
1013,920
1014,463
1015,783
1016,502
1017,990
1018,400
1019,2129
1020,1270
1021,684
1022,2167
1023,881
1024,409
1025,1058
1026,29
1027,1088
1028,3937
1029,2095
1030,994
1031,1110
1032,1941
1033,990
1034,616
1035,3468
1036,6867
1037,1636
1038,36
1039,11
1040,15
1041,1914
1042,1838
1043,307
1044,115
1046,366
1047,1512
1049,1501
1050,558
1051,335
1053,102
1054,268
1055,52
1056,177
1057,975
1058,36
1059,1629
1060,3098
1061,1328
1062,5
1063,82
1064,605
1066,729
1067,87
1068,129
1069,432
1070,6
1071,17
1073,5070
1076,92
1077,2961
1078,1427
1079,5266
1080,3721
1081,1570
1082,570
1083,579
1084,2810
1085,495
1086,1546
1087,62
1088,2275
1089,5207
1090,4675
1091,1042
1092,2660
1093,2317
1094,4586
1095,2218
1096,1368
1097,8997
1098,12
1099,774
1100,1179
1101,3723
1102,8
1103,1577
1104,2041
1105,75
1107,6
1111,385
1112,120
1113,150
1114,89
1115,1
1116,58
1117,51
1118,2
1119,109
1120,1634
1121,40
1123,123
1124,1515
1125,1455
1126,752
1127,6318
1128,497
1129,3063
1130,753
1131,934
1132,937
1133,4
1134,6
1135,1298
1136,6932
1138,27
1139,8
1142,2
1144,60
1145,5
1147,1197
1148,3976
1149,14
1150,621
1151,108
1152,101
1153,48
1154,56
1160,13
1161,371
1162,375
1163,56
1164,18
1165,1
1167,272
1168,37
1169,134
1170,28
1171,1550
1172,2637
1173,663
1174,19
1175,1473
1176,508
1177,587
1178,1029
1179,3353
1180,192
1181,29
1183,3570
1184,346
1185,1793
1186,2031
1187,538
1188,2671
1189,1144
1190,463
1191,640
1192,423
1193,7574
1194,737
1196,12836
1197,9976
1198,11257
1199,3741
1200,7509
1201,3398
1202,260
1203,2646
1204,3658
1205,781
1206,5012
1207,4107
1208,4990
1209,696
1210,11598
1211,995
1212,2137
1213,7084
1214,8419
1215,3595
1216,318
1217,1524
1218,1024
1219,5328
1220,5283
1221,7373
1222,5155
1223,2063
1224,1826
1225,5876
1226,916
1227,931
1228,2835
1230,5525
1231,3060
1232,189
1233,4307
1234,4532
1235,2903
1236,377
1237,1265
1238,1404
1240,8711
1241,235
1242,4663
1243,1295
1244,2931
1245,1434
1246,3425
1247,5354
1248,2167
1249,2936
1250,4115
1251,936
1252,5142
1253,2315
1254,1943
1255,184
1256,2501
1257,1851
1258,4462
1259,7313
1260,1325
1261,2097
1262,3046
1263,2877
1264,1042
1265,9005
1266,4078
1267,3315
1268,1105
1269,2801
1270,10307
1271,2257
1272,2752
1273,579
1274,1778
1275,2850
1276,3956
1277,1410
1278,5071
1279,727
1280,1156
1281,871
1282,3682
1283,1684
1284,2333
1285,3064
1286,1022
1287,2894
1288,4673
1289,723
1290,826
1291,6729
1292,2372
1293,2779
1294,4533
1295,949
1296,2238
1297,1639
1298,1409
1299,3110
1300,1368
1301,1483
1302,3004
1303,1280
1304,5982
1305,459
1306,490
1307,6387
1310,153
1311,7
1312,94
1313,28
1315,7
1316,4
1317,127
1320,2810
1321,2060
1322,55
1323,59
1324,37
1325,38
1326,118
1327,1043
1328,46
1329,96
1330,348
1331,159
1332,297
1333,2846
1334,1060
1335,36
1336,123
1337,228
1339,2247
1340,845
1341,151
1342,761
1343,2522
1344,1416
1345,2044
1346,554
1347,1572
1348,950
1349,43
1350,1482
1351,119
1352,268
1353,580
1354,1021
1355,228
1356,4859
1357,2086
1358,4953
1359,550
1360,7
1361,670
1362,403
1363,333
1364,7
1365,223
1366,344
1367,1109
1369,19
1370,4020
1371,2484
1372,3413
1373,1685
1374,5619
1375,3109
1376,4117
1377,3069
1378,1921
1379,1073
1380,2923
1381,595
1382,353
1383,17
1384,23
1385,1507
1386,1
1387,6940
1388,958
1389,389
1390,387
1391,3115
1392,819
1393,5086
1394,5766
1395,981
1396,4067
1397,230
1398,201
1399,333
1401,568
1404,239
1405,1444
1406,83
1407,3168
1408,3718
1409,1197
1410,258
1411,1512
1412,78
1413,169
1414,604
1415,128
1416,918
1417,119
1419,539
1420,28
1421,67
1422,850
1423,61
1425,553
1426,58
1427,117
1428,169
1429,982
1430,1
1431,591
1432,277
1433,9
1434,8
1436,26
1437,65
1438,904
1439,108
1440,224
1441,1657
1442,220
1444,27
1445,339
1446,766
1447,165
1449,1916
1450,53
1453,360
1454,259
1455,61
1456,151
1457,827
1458,68
1459,1276
1460,252
1461,556
1463,103
1464,486
1465,440
1466,2729
1468,369
1470,4
1471,17
1472,156
1473,113
1474,341
1475,255
1476,1740
1477,93
1479,1800
1480,869
1482,210
1483,389
1484,459
1485,2331
1486,22
1487,497
1488,823
1489,95
1490,47
1493,56
1494,47
1495,58
1496,79
1497,100
1498,411
1499,878
1500,4332
1501,47
1502,40
1503,336
1504,56
1507,140
1508,119
1509,77
1510,5
1511,86
1513,2300
1514,19
1515,463
1516,190
1517,4471
1518,1211
1519,20
1520,37
1522,17
1523,150
1525,92
1526,217
1527,5013
1528,4
1529,100
1531,40
1532,16
1533,93
1534,22
1535,359
1537,1448
1538,10
1539,31
1541,744
1542,843
1543,23
1544,3811
1545,297
1546,187
1547,123
1548,5
1549,51
1550,192
1551,102
1552,3116
1553,11
1554,480
1555,6
1556,687
1558,3
1561,13
1562,1368
1563,144
1564,138
1565,51
1566,1538
1567,31
1569,2811
1570,76
1571,178
1572,97
1573,4833
1574,43
1575,44
1579,3
1580,9492
1581,168
1582,190
1583,75
1584,5208
1585,90
1586,1700
1587,1957
1588,891
1589,1653
1590,1254
1591,1245
1592,279
1593,464
1594,1160
1595,113
1596,111
1597,2762
1598,301
1599,110
1600,241
1601,204
1602,91
1603,1018
1604,179
1605,234
1606,255
1608,3861
1609,151
1610,6694
1611,791
1612,183
1613,87
1614,1404
1615,822
1616,1222
1617,9654
1619,1241
1620,1318
1621,279
1622,12
1623,283
1624,136
1625,3452
1626,204
1627,769
1629,329
1630,2
1631,176
1632,49
1633,974
1635,1927
1636,12
1639,3650
1640,213
1641,4643
1642,226
1643,1027
1644,1250
1645,2838
1646,248
1647,259
1648,674
1649,728
1650,167
1651,49
1652,13
1653,3997
1654,288
1655,187
1656,45
1657,70
1658,368
1659,20
1660,639
1661,281
1662,53
1663,2841
1664,21
1665,537
1666,52
1667,314
1668,99
1669,128
1670,287
1671,70
1672,1146
1673,4252
1674,4180
1675,34
1676,3644
1677,102
1678,1815
1679,47
1680,1759
1681,292
1682,3881
1683,820
1684,216
1685,21
1686,344
1687,1037
1688,1065
1689,795
1690,2305
1692,51
1693,1305
1694,1755
1695,118
1696,100
1699,543
1701,970
1702,771
1703,182
1704,6465
1707,289
1709,2
1711,2043
1713,703
1714,2
1715,39
1717,1354
1718,18
1719,1541
1720,9
1721,5540
1722,2967
1724,3
1725,86
1726,380
1727,678
1728,73
1729,2671
1730,656
1731,120
1732,4101
1733,255
1734,769
1735,842
1739,64
1741,20
1743,43
1744,206
1746,152
1747,3165
1748,3341
1749,34
1750,138
1752,547
1753,634
1754,1314
1755,106
1756,130
1758,365
1759,203
1760,356
1762,621
1764,3
1767,78
1769,1001
1770,66
1771,124
1772,559
1773,5
1777,3172
1779,1441
1780,33
1782,20
1783,644
1784,5625
1785,610
1787,7
1788,360
1791,157
1792,1421
1793,31
1794,518
1795,9
1796,12
1797,669
1798,108
1799,727
1801,1190
1804,361
1805,2157
1806,486
1807,58
1809,137
1810,1256
1811,48
1812,153
1814,84
1815,2
1816,299
1817,36
1820,2
1821,674
1822,43
1824,350
1825,88
1826,62
1827,408
1829,111
1830,5
1831,1724
1832,4
1833,793
1834,1942
1835,1204
1836,447
1837,172
1839,156
1840,541
1841,280
1842,8
1843,3
1844,112
1845,1129
1846,65
1848,539
1849,18
1850,37
1851,8
1852,2
1853,34
1854,145
1855,259
1856,220
1857,74
1858,562
1859,113
1860,166
1861,10
1862,406
1863,315
1864,30
1865,192
1866,584
1867,92
1868,4
1869,118
1870,253
1871,16
1872,32
1873,974
1874,91
1875,558
1876,2834
1877,10
1878,22
1879,86
1880,89
1881,189
1882,1160
1883,2281
1884,997
1885,2245
1886,11
1887,149
1888,1159
1889,190
1890,17
1891,17
1892,1352
1893,79
1894,1371
1895,991
1896,146
1897,466
1898,51
1899,32
1900,254
1901,20
1902,93
1903,20
1904,394
1905,3
1906,103
1907,1834
1908,3
1909,3479
1910,154
1911,1544
1912,3448
1913,639
1914,1417
1915,4
1916,1241
1917,3543
1918,2101
1919,368
1920,1023
1921,2324
1922,178
1923,5353
1924,656
1925,175
1926,102
1927,1124
1928,98
1929,318
1930,15
1931,907
1932,118
1933,71
1934,309
1935,431
1936,318
1937,235
1938,477
1939,973
1940,354
1941,430
1942,480
1943,200
1944,1491
1945,2216
1946,815
1947,3088
1948,764
1949,927
1950,1437
1951,787
1952,2727
1953,3529
1954,4452
1955,1716
1956,2023
1957,2407
1958,1912
1959,2287
1960,2529
1961,5391
1962,2528
1963,1021
1964,1150
1965,2766
1966,722
1967,2015
1968,5971
1969,636
1970,708
1971,542
1972,399
1973,469
1974,964
1975,415
1976,394
1977,368
1978,237
1979,244
1980,196
1981,182
1982,1879
1983,537
1984,220
1985,311
1986,270
1987,212
1988,107
1989,22
1990,27
1991,646
1992,281
1993,184
1994,2929
1995,441
1996,205
1997,3501
1998,200
1999,349
2000,6324
2001,3584
2002,2610
2003,2536
2004,935
2005,2504
2006,3501
2007,174
2008,38
2009,1485
2010,1584
2011,3872
2012,3722
2013,2149
2014,572
2015,1312
2016,290
2017,484
2018,2202
2019,2864
2020,3070
2021,2648
2022,897
2023,2589
2024,491
2025,739
2026,433
2027,316
2028,11507
2029,279
2031,112
2032,117
2033,633
2034,818
2035,177
2036,213
2037,191
2038,575
2039,1
2040,377
2041,387
2042,508
2043,517
2044,132
2045,190
2046,1858
2047,70
2048,458
2049,123
2050,264
2051,258
2052,525
2053,860
2054,3065
2055,119
2056,63
2057,304
2058,2883
2059,880
2060,548
2061,25
2062,224
2063,20
2064,3251
2065,1724
2066,440
2067,2293
2068,497
2069,530
2070,1031
2071,672
2072,882
2073,242
2074,74
2075,303
2076,2461
2077,538
2078,2534
2079,50
2080,3287
2081,3888
2082,1042
2083,945
2084,291
2085,2032
2086,103
2087,2174
2088,1222
2089,764
2090,865
2091,530
2092,397
2093,787
2094,2288
2095,336
2096,1896
2097,743
2098,239
2099,796
2100,3990
2101,53
2102,667
2103,114
2104,177
2105,3255
2106,610
2107,535
2108,3058
2109,2145
2110,1198
2111,1007
2112,1207
2113,170
2114,944
2115,4143
2116,1460
2117,1034
2118,1344
2119,334
2120,712
2121,669
2122,570
2123,617
2124,2263
2125,1545
2126,1359
2127,14
2128,83
2129,30
2130,1165
2131,112
2132,1210
2133,1772
2134,1746
2135,762
2136,699
2137,1900
2138,1172
2139,1421
2140,2593
2141,1385
2142,569
2143,1161
2144,2668
2145,2333
2146,1095
2147,589
2148,479
2149,232
2150,2590
2151,406
2152,146
2153,575
2154,390
2155,885
2156,34
2157,65
2158,52
2159,762
2160,2719
2161,2520
2162,427
2163,537
2164,41
2165,368
2166,507
2167,2813
2168,243
2169,348
2170,314
2171,723
2172,13
2173,392
2174,5334
2175,69
2176,744
2177,267
2178,348
2179,123
2180,193
2181,421
2182,351
2183,704
2184,529
2185,61
2186,2075
2187,93
2188,716
2189,78
2190,148
2191,28
2192,23
2193,2804
2194,4517
2195,406
2196,66
2197,46
2198,8
2200,20
2201,68
2202,840
2203,995
2204,340
2205,116
2206,670
2207,23
2208,833
2209,33
2210,200
2211,67
2212,491
2213,1
2214,3
2215,42
2217,1
2218,2
2219,34
2221,34
2223,10
2226,3
2227,74
2231,1245
2232,808
2233,8
2234,15
2235,2
2236,729
2237,158
2238,295
2239,363
2240,835
2241,358
2242,15
2243,2957
2244,13
2245,1755
2246,38
2247,1129
2248,3672
2249,763
2250,195
2251,7
2252,561
2253,1128
2254,2
2255,206
2256,57
2257,50
2258,6
2259,546
2260,137
2261,536
2262,1029
2263,543
2264,215
2265,166
2266,560
2267,218
2268,4171
2269,594
2271,250
2272,387
2273,2236
2275,239
2276,260
2277,2
2278,2843
2279,614
2280,429
2281,38
2282,1112
2283,178
2284,163
2285,210
2286,108
2287,963
2288,2805
2289,3876
2290,397
2291,5292
2292,50
2293,81
2294,2247
2295,282
2296,343
2297,1103
2298,28
2299,15
2300,2727
2301,1332
2302,4110
2303,1274
2304,25
2305,87
2306,224
2307,100
2308,2
2309,9
2310,509
2311,1606
2312,1267
2313,1834
2314,326
2315,348
2316,704
2317,21
2318,1249
2320,581
2321,4281
2322,850
2323,138
2324,4988
2325,373
2326,36
2327,285
2328,493
2329,2705
2330,383
2331,577
2332,26
2333,2204
2334,1206
2335,1229
2336,3780
2337,404
2338,650
2339,79
2340,1119
2341,144
2342,41
2343,4
2344,688
2345,145
2346,992
2347,355
2348,1080
2349,603
2350,53
2351,467
2352,3247
2353,3643
2354,392
2355,6564
2356,278
2357,921
2358,16
2359,2727
2360,504
2361,512
2362,151
2363,999
2364,336
2365,377
2366,2764
2367,852
2368,98
2369,2482
2370,499
2371,2153
2372,706
2373,469
2374,715
2375,1209
2376,1062
2377,539
2378,1238
2379,537
2380,398
2381,333
2382,265
2383,247
2384,1721
2385,376
2386,116
2387,602
2388,52
2389,700
2390,1218
2391,2795
2392,458
2393,2702
2394,2068
2395,4686
2396,9778
2397,76
2398,1505
2399,595
2400,123
2401,1176
2402,1133
2403,1418
2404,705
2405,2129
2406,4962
2407,3559
2408,655
2409,1414
2410,1153
2411,992
2412,576
2413,1439
2414,1285
2415,42
2416,1115
2417,218
2418,338
2419,221
2420,1685
2421,1277
2422,607
2423,1848
2424,2833
2425,210
2426,80
2427,2729
2428,1425
2429,509
2430,448
2431,1487
2432,458
2433,2056
2434,218
2435,305
2436,438
2437,310
2438,4
2439,715
2440,158
2441,79
2442,612
2443,453
2444,20
2445,207
2446,160
2447,814
2448,444
2449,49
2450,911
2451,299
2452,32
2453,572
2454,1612
2455,3685
2456,657
2457,876
2458,322
2459,796
2460,273
2461,130
2462,99
2463,1644
2464,21
2465,85
2466,45
2467,1264
2468,1036
2469,1658
2470,3125
2471,1088
2472,277
2473,465
2474,1187
2475,462
2476,1004
2477,96
2478,1774
2479,100
2480,9
2481,126
2482,100
2483,73
2484,2
2485,1251
2486,16
2487,17
2488,328
2490,2710
2491,315
2492,397
2493,116
2494,108
2495,353
2496,1211
2497,482
2498,287
2499,184
2500,309
2501,2433
2502,3332
2503,42
2504,522
2505,779
2506,545
2507,161
2509,50
2510,11
2511,317
2512,75
2513,903
2514,239
2515,93
2516,83
2517,836
2518,1021
2519,310
2520,563
2521,221
2522,186
2523,97
2524,803
2525,342
2526,310
2527,2176
2528,2172
2529,4314
2530,1075
2531,884
2532,1018
2533,1408
2534,43
2535,339
2536,70
2537,66
2538,18
2539,2091
2540,473
2541,1801
2542,2436
2543,7
2544,50
2545,34
2546,497
2548,234
2549,390
2550,641
2551,622
2552,82
2553,735
2554,432
2555,279
2556,3
2557,17
2558,645
2559,70
2560,532
2561,398
2562,34
2563,3
2565,1471
2566,97
2567,967
2568,451
2569,34
2570,367
2571,11178
2572,2396
2573,164
2574,531
2575,564
2576,6
2577,92
2578,14
2579,110
2580,2787
2581,1977
2582,205
2583,848
2584,3
2585,185
2586,74
2587,302
2589,175
2590,146
2591,4
2592,3
2593,130
2594,245
2596,503
2597,167
2598,1608
2599,5982
2600,1335
2602,17
2605,2462
2606,564
2607,278
2608,13
2609,283
2610,159
2611,571
2612,556
2613,870
2614,85
2615,569
2616,1674
2617,3345
2618,179
2619,3
2620,133
2621,252
2622,1390
2623,11
2624,417
2625,203
2626,125
2627,48
2628,7672
2629,396
2630,144
2631,10
2632,36
2633,573
2634,302
2635,94
2636,32
2637,88
2638,102
2639,522
2640,4322
2641,2677
2642,1194
2643,627
2644,911
2645,341
2646,112
2647,166
2648,1614
2649,216
2650,91
2651,258
2652,149
2653,116
2654,504
2655,83
2656,172
2657,4058
2658,34
2659,146
2660,526
2661,316
2662,2180
2663,163
2664,2457
2665,243
2666,90
2667,152
2668,692
2669,400
2670,880
2671,2857
2672,1247
2673,27
2674,70
2675,34
2676,834
2677,933
2678,78
2679,13
2681,155
2682,357
2683,4859
2685,12
2686,2310
2687,1620
2688,2171
2689,139
2690,1443
2691,59
2692,4529
2693,864
2694,2480
2695,24
2696,299
2697,179
2699,4105
2700,4772
2701,1947
2702,1213
2703,3
2704,126
2705,19
2706,5153
2707,2222
2708,180
2709,737
2710,3750
2711,114
2712,3025
2713,1053
2714,283
2715,49
2716,8518
2717,1642
2718,1199
2719,1134
2720,808
2721,320
2722,1718
2723,2568
2724,2028
2725,356
2726,542
2727,111
2728,1712
2729,777
2730,600
2731,808
2732,589
2733,122
2734,1565
2735,1330
2736,773
2737,67
2738,273
2739,1735
2740,45
2741,184
2742,2
2743,81
2744,140
2745,892
2746,3119
2747,1179
2748,281
2749,280
2750,1054
2751,152
2752,548
2753,199
2754,22
2755,83
2756,103
2757,516
2758,88
2759,1441
2760,24
2761,2728
2762,10835
2763,3966
2764,1008
2765,19
2766,116
2767,77
2768,42
2769,248
2770,3050
2771,494
2772,746
2773,41
2774,239
2775,46
2776,49
2777,10
2778,74
2779,1249
2780,261
2781,200
2782,375
2783,26
2784,202
2785,76
2786,174
2787,470
2788,1866
2789,494
2790,162
2791,6874
2792,1663
2793,730
2794,1125
2795,2109
2796,708
2797,5749
2798,308
2799,154
2800,67
2801,320
2802,945
2803,1133
2804,5731
2805,1285
2806,524
2807,160
2808,942
2809,51
2810,161
2811,8
2812,149
2813,106
2814,21
2815,703
2816,276
2817,205
2818,93
2819,1289
2820,189
2821,8
2822,802
2823,10
2824,55
2825,11
2826,2369
2827,801
2828,255
2829,464
2830,39
2831,26
2833,22
2834,64
2835,142
2836,537
2837,71
2839,43
2840,1215
2841,1766
2842,145
2843,89
2844,264
2845,1
2846,559
2847,129
2848,162
2849,84
2850,19
2851,325
2852,613
2853,81
2854,26
2855,23
2856,250
2857,1475
2858,14800
2859,1012
2860,417
2861,1116
2862,230
2863,2015
2864,79
2865,61
2866,734
2867,1051
2868,145
2869,8
2870,693
2871,2873
2872,2829
2873,59
2874,236
2875,948
2876,114
2877,636
2878,77
2879,568
2880,249
2881,2516
2882,330
2883,983
2884,108
2885,205
2886,74
2887,9
2888,331
2889,986
2890,3887
2891,646
2892,30
2893,121
2894,84
2895,6
2896,93
2897,65
2898,280
2899,415
2900,432
2901,1057
2902,397
2903,201
2904,64
2905,318
2906,582
2907,521
2908,3412
2909,4
2911,23
2912,1744
2913,56
2914,24
2915,3101
2916,7350
2917,2032
2918,6065
2919,1523
2920,419
2921,1231
2922,903
2923,58
2924,520
2925,241
2926,1491
2927,404
2928,257
2929,747
2930,22
2931,43
2932,467
2933,31
2934,12
2935,608
2936,659
2937,446
2938,116
2939,182
2940,429
2941,1012
2942,1122
2943,605
2944,2831
2945,75
2946,1098
2947,3562
2948,2999
2949,2503
2950,807
2951,2085
2952,697
2953,816
2955,8
2956,442
2959,5916
2960,11
2961,789
2962,34
2963,63
2964,40
2965,146
2966,1740
2967,476
2968,3731
2969,356
2970,388
2971,1212
2972,261
2973,1863
2974,123
2975,337
2976,1711
2977,131
2978,293
2979,81
2981,56
2982,80
2983,323
2984,31
2985,4242
2986,1174
2987,6620
2988,393
2989,1488
2990,1232
2991,1516
2992,77
2993,1497
2994,35
2995,787
2996,456
2997,9245
2998,46
2999,16
3000,1431
3001,10
3002,137
3003,26
3004,625
3005,2161
3006,3588
3007,1184
3008,190
3010,126
3011,538
3012,34
3013,188
3014,143
3015,486
3016,1412
3017,263
3018,862
3019,1631
3020,1809
3021,103
3022,900
3024,378
3025,46
3026,12
3027,8
3028,523
3029,622
3030,947
3031,114
3032,793
3033,2952
3034,1284
3035,1747
3036,562
3037,2390
3038,311
3039,3212
3040,1043
3041,124
3042,101
3043,69
3044,2248
3045,365
3046,297
3047,64
3048,167
3049,120
3050,50
3051,475
3052,3672
3053,1029
3054,269
3055,278
3056,22
3057,8
3058,26
3060,2138
3061,1067
3062,1398
3063,378
3064,150
3065,4
3066,718
3067,1374
3068,1465
3069,210
3070,2070
3071,1231
3072,3719
3073,107
3074,841
3075,275
3076,345
3077,372
3078,566
3079,563
3081,3749
3082,2913
3083,1610
3084,7
3085,5
3086,290
3087,1795
3088,1456
3089,1098
3090,733
3091,604
3092,80
3093,769
3094,389
3095,2154
3096,368
3097,832
3098,2100
3099,884
3100,2340
3101,2943
3102,889
3103,208
3104,2950
3105,2571
3106,81
3107,2990
3108,3427
3109,206
3110,112
3111,788
3112,236
3113,1483
3114,6687
3115,348
3116,30
3117,241
3118,233
3119,5
3120,392
3121,64
3122,98
3123,3
3124,113
3125,703
3126,12
3127,181
3128,176
3129,1066
3130,280
3131,7
3132,138
3133,156
3134,716
3135,770
3136,9
3137,61
3138,211
3139,54
3140,31
3141,189
3142,440
3143,122
3144,160
3145,870
3146,851
3147,5077
3148,2810
3149,22
3150,221
3151,2
3152,1406
3153,933
3154,28
3155,1137
3156,1113
3157,1638
3158,160
3159,1724
3160,4334
3161,66
3162,52
3163,1126
3164,4
3165,160
3166,7
3167,603
3168,1829
3169,889
3171,98
3172,5
3173,1510
3174,3046
3175,6517
3176,4663
3177,437
3178,1959
3179,768
3180,154
3181,605
3182,491
3183,163
3184,15
3185,1358
3186,1499
3187,9
3188,200
3189,1093
3190,346
3192,98
3194,727
3196,1666
3197,829
3198,1324
3199,241
3200,662
3201,1419
3202,1
3203,1828
3204,747
3205,9
3206,432
3207,16
3208,729
3209,1
3210,3400
3211,232
3212,5
3213,826
3214,323
3215,35
3216,10
3217,305
3218,102
3219,1455
3220,2
3221,99
3222,125
3223,99
3224,312
3225,328
3228,2
3229,4
3230,286
3232,20
3233,10
3235,213
3236,7
3237,1
3238,570
3239,88
3240,108
3241,209
3242,11
3243,733
3244,1190
3245,24
3246,1854
3247,2110
3248,513
3249,1066
3250,1245
3251,933
3252,2061
3253,4033
3254,1249
3255,4044
3256,3945
3257,1790
3258,933
3259,1358
3260,1790
3261,1494
3262,484
3263,2127
3264,1583
3265,1353
3266,563
3267,1781
3268,319
3269,1528
3270,657
3271,1262
3272,548
3273,1577
3274,1361
3275,333
3276,122
3277,4
3280,5
3281,198
3282,37
3283,52
3284,168
3285,1143
3286,270
3287,352
3288,12
3289,196
3290,3
3291,2
3292,23
3293,17
3294,5
3295,7
3296,770
3297,2
3298,2041
3299,404
3300,1789
3301,2034
3302,177
3303,21
3304,200
3305,8
3306,95
3307,1189
3308,940
3309,88
3310,235
3311,125
3312,1
3313,45
3314,13
3315,2
3316,800
3317,1959
3318,167
3319,87
3320,158
3321,2
3322,11
3323,3
3324,525
3325,373
3326,514
3327,473
3328,1207
3329,103
3330,406
3331,81
3333,56
3334,1882
3335,32
3336,6
3337,7
3338,120
3339,161
3340,199
3341,715
3342,860
3343,95
3344,52
3345,72
3346,14
3347,844
3349,85
3350,568
3351,49
3352,8
3353,8
3354,2058
3355,857
3357,388
3358,1642
3359,2122
3360,2312
3361,4202
3362,3037
3363,3986
3364,593
3365,1001
3366,1010
3367,145
3368,230
3370,295
3371,178
3372,199
3373,8
3374,39
3375,217
3376,1
3377,7
3378,13
3379,375
3380,9
3381,7
3382,5
3384,1049
3385,360
3386,2839
3387,471
3388,810
3389,103
3390,55
3391,219
3392,304
3393,109
3394,561
3395,156
3396,2869
3397,1338
3398,1195
3399,272
3400,73
3401,238
3402,77
3403,89
3404,756
3405,558
3406,394
3407,5
3408,5081
3409,1502
3410,39
3412,590
3413,7
3414,163
3415,88
3416,201
3417,262
3418,5215
3419,41
3420,739
3421,4892
3422,714
3423,216
3424,3031
3425,260
3426,687
3427,247
3428,174
3429,1188
3430,735
3431,227
3432,163
3433,103
3434,86
3435,2433
3436,357
3437,24
3438,1430
3439,534
3440,361
3441,1556
3442,90
3443,19
3444,716
3445,444
3446,133
3447,268
3448,4040
3449,101
3450,2763
3451,1372
3452,1040
3453,221
3454,116
3456,256
3457,422
3458,3
3459,172
3460,1
3461,1294
3462,1292
3463,18
3464,49
3465,50
3466,777
3467,1122
3468,1908
3469,1147
3470,398
3471,5825
3472,7
3473,82
3474,51
3475,531
3476,2387
3477,825
3478,886
3479,1991
3480,562
3481,5394
3482,9
3483,506
3484,824
3485,3
3486,31
3487,253
3488,44
3489,2179
3490,45
3491,194
3492,50
3493,2
3494,1196
3495,45
3496,190
3497,293
3498,1182
3499,3382
3500,480
3501,954
3502,309
3503,494
3504,2766
3505,1375
3506,562
3507,1569
3508,1476
3509,262
3510,3086
3511,171
3512,1671
3513,1406
3514,196
3515,612
3516,855
3517,9
3518,155
3519,666
3520,82
3521,729
3522,12
3523,25
3524,1830
3525,1130
3526,3057
3527,4739
3528,1013
3529,538
3530,4
3531,82
3532,79
3533,23
3534,1548
3535,2028
3536,1833
3537,113
3538,645
3539,150
3540,77
3542,6
3543,3291
3544,283
3545,1729
3546,830
3547,292
3548,1051
3549,986
3550,549
3551,1572
3552,3720
3553,227
3554,411
3555,3214
3556,1191
3557,336
3559,110
3562,79
3563,25
3564,231
3565,905
3566,1025
3567,119
3568,85
3569,124
3570,39
3571,429
3572,133
3573,38
3574,18
3575,10
3576,1046
3577,159
3578,7900
3579,169
3580,89
3581,39
3584,357
3585,73
3586,95
3587,90
3588,160
3590,243
3591,2140
3592,20
3593,551
3594,601
3595,12
3596,152
3597,101
3598,619
3599,374
3600,342
3601,8
3602,146
3603,10
3604,451
3605,158
3606,666
3607,5
3608,2932
3609,16
3610,86
3611,46
3612,109
3613,353
3614,1745
3615,1110
3616,339
3617,1369
3618,1244
3619,300
3620,150
3621,5
3622,322
3623,4196
3624,2891
3625,61
3626,121
3627,372
3628,345
3629,1152
3631,8
3632,144
3633,1222
3634,702
3635,1756
3636,25
3637,79
3638,2081
3639,1673
3640,41
3641,22
3642,40
3643,347
3644,57
3645,65
3646,440
3647,4
3648,24
3649,935
3651,2
3652,15
3653,565
3654,1990
3655,189
3656,5
3657,22
3658,252
3659,122
3660,449
3661,181
3662,193
3663,108
3664,91
3665,45
3666,10
3667,67
3668,1394
3669,169
3670,77
3671,4529
3672,463
3673,72
3674,122
3675,1037
3676,690
3677,175
3678,338
3679,265
3680,185
3681,1273
3682,775
3683,2649
3684,1208
3685,1958
3686,1344
3687,4
3688,927
3689,288
3690,249
3691,108
3692,133
3693,491
3694,115
3695,96
3696,166
3697,1844
3698,2335
3699,2994
3700,882
3701,1625
3702,3906
3703,3799
3704,2286
3705,982
3706,1525
3707,731
3708,796
3709,270
3710,417
3711,106
3712,1179
3713,318
3714,207
3715,216
3716,159
3717,1737
3718,202
3719,136
3720,319
3721,62
3722,2
3723,1003
3724,725
3725,344
3726,350
3727,549
3728,586
3729,758
3730,1925
3731,146
3732,212
3733,1109
3734,199
3735,1971
3736,148
3737,200
3738,266
3739,159
3740,1994
3741,983
3742,929
3743,200
3744,1365
3745,1809
3746,266
3747,555
3748,6
3749,69
3751,5156
3752,1680
3753,4644
3754,514
3755,3395
3756,84
3757,48
3758,331
3759,114
3760,1062
3761,83
3762,4
3763,2503
3764,647
3765,131
3766,485
3767,217
3768,175
3769,643
3770,1173
3771,513
3772,5
3773,482
3774,126
3775,65
3776,80
3777,24
3778,17
3779,3
3780,127
3781,75
3782,120
3783,947
3784,534
3785,1846
3786,598
3787,243
3788,937
3789,655
3790,172
3791,1334
3792,256
3793,5773
3794,397
3795,225
3796,44
3797,64
3798,1544
3799,162
3800,7
3801,842
3802,735
3803,32
3804,109
3805,95
3806,189
3807,347
3808,177
3809,2776
3810,260
3811,1477
3812,1014
3813,273
3814,881
3816,143
3817,51
3818,17
3819,986
3820,67
3821,655
3822,263
3823,237
3824,249
3825,555
3826,1028
3827,1617
3828,5
3830,72
3831,692
3832,69
3833,142
3834,497
3835,482
3836,1466
3837,257
3838,110
3839,124
3840,285
3841,843
3842,3
3843,79
3844,1466
3845,95
3846,434
3847,74
3848,62
3849,174
3850,38
3851,158
3852,769
3853,46
3854,73
3855,143
3857,160
3858,218
3859,318
3860,51
3861,748
3862,62
3863,2146
3864,385
3865,475
3866,19
3867,40
3868,2547
3869,1331
3870,189
3871,1171
3872,391
3873,1027
3874,72
3875,14
3876,8
3877,368
3878,34
3879,401
3880,63
3881,5
3882,766
3883,41
3884,95
3885,81
3886,120
3887,12
3888,9
3889,326
3890,3
3891,12
3892,27
3893,1958
3894,67
3895,220
3896,594
3897,4201
3898,123
3899,5
3900,92
3901,281
3902,75
3903,182
3904,1
3905,31
3906,101
3908,201
3909,185
3910,764
3911,2676
3912,92
3913,93
3914,233
3915,446
3916,1715
3917,868
3918,468
3919,194
3920,245
3921,124
3922,101
3923,268
3924,76
3925,478
3926,605
3927,1246
3928,709
3929,587
3930,726
3931,55
3932,870
3933,36
3934,85
3935,69
3936,417
3937,397
3938,52
3939,51
3940,26
3941,45
3942,50
3943,293
3944,19
3945,64
3946,226
3947,191
3948,3134
3949,1251
3950,198
3951,156
3952,1467
